run_id,comparison,comparison_family,metric,difference,ci_low,ci_high,bootstrap_p_value,block_length,resamples,dm_statistic,dm_p_value,dm_hac_lags,bootstrap_p_value_holm,dm_p_value_holm,significant_dm_holm_0_05
20260827T043457543402Z,M04_minus_M03_weather_calendar,component_and_placebo_tests,mse,-2.541526806341277,-6.695448698938763,0.9400680257235333,0.1871625674865027,168,5000,-1.3046441123381334,0.19201406007861715,168,1.0,1.0,False
20260827T043457543402Z,M04_minus_M03_weather_calendar,component_and_placebo_tests,mae,-0.0847321052235478,-0.23035023561499637,0.08140931898369616,0.28154369126174766,168,5000,-1.0584024122879432,0.28987202014687874,168,1.0,1.0,False
20260827T043457543402Z,M07_minus_M04_cosine_retrieval,component_and_placebo_tests,mse,-1.071151118243756,-2.280298120234889,-0.041207779428746594,0.0597880423915217,168,5000,-1.8435557170056818,0.0652479146793432,168,1.0,1.0,False
20260827T043457543402Z,M07_minus_M04_cosine_retrieval,component_and_placebo_tests,mae,-0.07572072884194088,-0.1324722403660166,-0.02612433801781202,0.007798440311937612,168,5000,-2.7264413989283796,0.006402131973831889,168,0.2027594481103779,0.16645543131962912,False
20260827T043457543402Z,M08_minus_M07_event_conditioning,component_and_placebo_tests,mse,0.15066369019329995,-0.4465646506415512,0.7887108402568248,0.6354729054189162,168,5000,0.48422650791494937,0.6282251262986027,168,1.0,1.0,False
20260827T043457543402Z,M08_minus_M07_event_conditioning,component_and_placebo_tests,mae,-0.02087269900391903,-0.05619482895715268,0.011465648063773991,0.22195560887822435,168,5000,-1.2032056913548905,0.22889673304016755,168,1.0,1.0,False
20260827T043457543402Z,M09_minus_M08_drift_features,component_and_placebo_tests,mse,0.10749901998784003,-0.3864162783245711,0.5023948809745624,0.6328734253149371,168,5000,0.47157180103758173,0.6372324584480961,168,1.0,1.0,False
20260827T043457543402Z,M09_minus_M08_drift_features,component_and_placebo_tests,mae,0.011932784785342411,-0.008793090650948132,0.030763237587098015,0.23595280943811237,168,5000,1.1782428427325315,0.23869980713406458,168,1.0,1.0,False
20260827T043457543402Z,M09_minus_A00_events,component_and_placebo_tests,mse,0.34356311563262076,-0.28453780080174657,1.151765813595289,0.36112777444511096,168,5000,0.9441490603393745,0.3450934817958512,168,1.0,1.0,False
20260827T043457543402Z,M09_minus_A00_events,component_and_placebo_tests,mae,-0.0027870417973859516,-0.028411590072520677,0.023018433651848972,0.8300339932013597,168,5000,-0.21493993891441954,0.8298141457834893,168,1.0,1.0,False
20260827T043457543402Z,M09_minus_M04_full,component_and_placebo_tests,mse,-0.8129884066789337,-2.1310799225848815,0.47295953735354695,0.20975804839032194,168,5000,-1.2234573236588413,0.22115701359013767,168,1.0,1.0,False
20260827T043457543402Z,M09_minus_M04_full,component_and_placebo_tests,mae,-0.08466064293331248,-0.16034777290553745,-0.014263267305333992,0.023195360927814438,168,5000,-2.260199628944274,0.023808863887909558,168,0.4871025794841032,0.4999861416461007,False
20260827T043457543402Z,A01_minus_M04_random_control,component_and_placebo_tests,mse,-0.04992149640633593,-0.731169446489655,0.6396567889028014,0.8848230353929214,168,5000,-0.14355293486594017,0.8858535081310029,168,1.0,1.0,False
20260827T043457543402Z,A01_minus_M04_random_control,component_and_placebo_tests,mae,-0.011041536969624887,-0.04037323832865249,0.01787680416446193,0.4523095380923815,168,5000,-0.7415168778766404,0.4583801020787099,168,1.0,1.0,False
20260827T043457543402Z,M09_minus_A01_random_control,component_and_placebo_tests,mse,-0.7630669085474467,-2.1679313430847182,0.7307141297762212,0.27294541091781643,168,5000,-1.050980909679641,0.29326735775871127,168,1.0,1.0,False
20260827T043457543402Z,M09_minus_A01_random_control,component_and_placebo_tests,mae,-0.0736191061030074,-0.1445022112005933,-0.008674802975098261,0.033593281343731254,168,5000,-2.0857029727248424,0.03700553700329151,168,0.5710857828434314,0.6290941290559557,False
20260827T043457543402Z,C04_minus_M04_raw_event_features,component_and_placebo_tests,mse,-0.5867323948062729,-1.1720328865875582,-0.15627135479621382,0.026194761047790442,168,5000,-2.2694775736352457,0.02323929949970167,168,0.707258548290342,0.6274610864919451,False
20260827T043457543402Z,C04_minus_M04_raw_event_features,component_and_placebo_tests,mae,-0.037695269969097646,-0.06382204353506478,-0.013002635616213521,0.0061987602479504095,168,5000,-2.8985458190391165,0.00374897526832498,168,0.16736652669466107,0.10122233224477446,False
20260827T043457543402Z,A02_minus_M04_matched_feature_count,component_and_placebo_tests,mse,-0.06293393571126814,-0.6294063003754611,0.4607674371953606,0.8024395120975805,168,5000,-0.23142598449859414,0.8169838803023876,168,1.0,1.0,False
20260827T043457543402Z,A02_minus_M04_matched_feature_count,component_and_placebo_tests,mae,-0.007988851335717414,-0.034518657507561654,0.01703898331635002,0.5362927414517097,168,5000,-0.6142534054292956,0.5390478874633907,168,1.0,1.0,False
20260827T043457543402Z,C04_minus_A02_event_signal,component_and_placebo_tests,mse,-0.5237984606015808,-0.9833871630047413,-0.14169162583855416,0.016196760647870425,168,5000,-2.3974273544320894,0.016510654556925176,168,0.46970605878824234,0.4788089821508301,False
20260827T043457543402Z,C04_minus_A02_event_signal,component_and_placebo_tests,mae,-0.029706418615208095,-0.05316123230473658,-0.008707003493851362,0.010797840431913617,168,5000,-2.51992674317854,0.011737926053320394,168,0.2699460107978404,0.29344815133300983,False
20260827T043457543402Z,C05_minus_M04_lightgbm,component_and_placebo_tests,mse,-1.916865377842369,-3.6984473607917288,-0.49543409320432524,0.021195760847830435,168,5000,-2.2842369465784818,0.022357609300515887,168,0.5934813037392522,0.6260130604144448,False
20260827T043457543402Z,C05_minus_M04_lightgbm,component_and_placebo_tests,mae,-0.08129739642829753,-0.13725709203514547,-0.032690009711194165,0.005198960207958408,168,5000,-3.0045229118663466,0.002659977236423057,168,0.14557088582283542,0.0744793626198456,False
20260827T043457543402Z,C06_minus_C05_context_ensemble,component_and_placebo_tests,mse,0.025758941304508974,-0.22375804867198196,0.2875036292105506,0.8446310737852429,168,5000,0.20248288326142827,0.8395392384505413,168,1.0,1.0,False
20260827T043457543402Z,C06_minus_C05_context_ensemble,component_and_placebo_tests,mae,0.004112709055182734,-0.011816779125259767,0.020547811487906662,0.6192761447710458,168,5000,0.5046785723363143,0.6137846134354321,168,1.0,1.0,False
20260827T043457543402Z,A04_minus_C06_raw_analogue_fusion,component_and_placebo_tests,mse,0.0,0.0,0.0,1.0,168,5000,0.0,1.0,168,1.0,1.0,False
20260827T043457543402Z,A04_minus_C06_raw_analogue_fusion,component_and_placebo_tests,mae,0.0,0.0,0.0,1.0,168,5000,0.0,1.0,168,1.0,1.0,False
20260827T043457543402Z,A05_minus_C06_residual_ungated,component_and_placebo_tests,mse,4.844408725669896,-0.08188562777077571,12.019320446845413,0.10877824435112977,168,5000,1.517524317126839,0.1291343587513526,168,1.0,1.0,False
20260827T043457543402Z,A05_minus_C06_residual_ungated,component_and_placebo_tests,mae,0.09456575120266697,-0.1273007396037423,0.35010649138082345,0.4423115376924615,168,5000,0.7671136806763341,0.4430139286396948,168,1.0,1.0,False
20260827T043457543402Z,A06_minus_C06_residual_constant,component_and_placebo_tests,mse,0.0,0.0,0.0,1.0,168,5000,0.0,1.0,168,1.0,1.0,False
20260827T043457543402Z,A06_minus_C06_residual_constant,component_and_placebo_tests,mae,0.0,0.0,0.0,1.0,168,5000,0.0,1.0,168,1.0,1.0,False
20260827T043457543402Z,M13_minus_A06_learned_gate,component_and_placebo_tests,mse,-0.05239416602130608,-0.39294393363541064,0.35270313417541804,0.7860427914417116,168,5000,-0.2732369803992588,0.7846710548812149,168,1.0,1.0,False
20260827T043457543402Z,M13_minus_A06_learned_gate,component_and_placebo_tests,mae,-0.021200171248295766,-0.03826696650258858,-0.0046119223100948925,0.014797040591881624,168,5000,-2.4120103893126306,0.015864829448492997,168,0.355128974205159,0.3807559067638319,False
20260827T043457543402Z,A06_minus_A04_residual_vs_raw,component_and_placebo_tests,mse,0.0,0.0,0.0,1.0,168,5000,0.0,1.0,168,1.0,1.0,False
20260827T043457543402Z,A06_minus_A04_residual_vs_raw,component_and_placebo_tests,mae,0.0,0.0,0.0,1.0,168,5000,0.0,1.0,168,1.0,1.0,False
20260827T043457543402Z,M13_minus_C06_trace_residual_gate,component_and_placebo_tests,mse,-0.05239416602130608,-0.39294393363541064,0.35270313417541804,0.7860427914417116,168,5000,-0.2732369803992588,0.7846710548812149,168,1.0,1.0,False
20260827T043457543402Z,M13_minus_C06_trace_residual_gate,component_and_placebo_tests,mae,-0.021200171248295766,-0.03826696650258858,-0.0046119223100948925,0.014797040591881624,168,5000,-2.4120103893126306,0.015864829448492997,168,0.355128974205159,0.3807559067638319,False
20260827T043457543402Z,A03_minus_C06_no_event_residual_gate,component_and_placebo_tests,mse,-0.05230379974024551,-0.38902853671894455,0.3429203639727728,0.7822435512897421,168,5000,-0.2769984081448441,0.7817813284576771,168,1.0,1.0,False
20260827T043457543402Z,A03_minus_C06_no_event_residual_gate,component_and_placebo_tests,mae,-0.020900174363599557,-0.037793633146691104,-0.004482933177958535,0.015396920615876825,168,5000,-2.405823590721165,0.016136054470627468,168,0.355128974205159,0.3807559067638319,False
20260827T043457543402Z,M13_minus_A03_trace_event_conditioning,component_and_placebo_tests,mse,-9.036627844251267e-05,-0.006030101392199421,0.008157116455842998,0.9822035592881424,168,5000,-0.02494681176701418,0.980097388447801,168,1.0,1.0,False
20260827T043457543402Z,M13_minus_A03_trace_event_conditioning,component_and_placebo_tests,mae,-0.00029999688469620585,-0.0006578350378084305,5.3857823778296767e-05,0.09178164367126575,168,5000,-1.6420262763397702,0.1005845586681459,168,1.0,1.0,False
20260827T043457543402Z,M13_minus_C05_trace_vs_best_baseline,component_and_placebo_tests,mse,-0.026635224150817097,-0.34989223807892417,0.3532056953448609,0.883623275344931,168,5000,-0.14768711345230226,0.8825897020811602,168,1.0,1.0,False
20260827T043457543402Z,M13_minus_C05_trace_vs_best_baseline,component_and_placebo_tests,mae,-0.017087462193113034,-0.03136969839856229,-0.001474375156660493,0.027194561087782444,168,5000,-2.2291680473314455,0.025802725678510094,168,0.489502099580084,0.5160545135702019,False
20260827T043457543402Z,B00_minus_M04_dlinear,component_and_placebo_tests,mse,-1.7007432722227755,-4.864426390973339,1.8902128000670781,0.3111377724455109,168,5000,-0.9873240313743915,0.3234838133434423,168,1.0,1.0,False
20260827T043457543402Z,B00_minus_M04_dlinear,component_and_placebo_tests,mae,-0.13526742835112704,-0.3336336396726451,0.06843498615063376,0.1783643271345731,168,5000,-1.3077154124424417,0.1909698537551875,168,1.0,1.0,False
20260827T043457543402Z,B01_minus_M04_patchtst,component_and_placebo_tests,mse,-1.2394036087144709,-4.1258779439515525,1.574624577568009,0.39072185562887424,168,5000,-0.8397095339630783,0.4010712670999573,168,1.0,1.0,False
20260827T043457543402Z,B01_minus_M04_patchtst,component_and_placebo_tests,mae,-0.12157857521540588,-0.307545367548505,0.0602964984372176,0.1861627674465107,168,5000,-1.2793827015871246,0.2007623223671237,168,1.0,1.0,False
20260827T043457543402Z,B02_minus_M04_lstm,component_and_placebo_tests,mse,-2.027479402298512,-5.311231973665731,1.2065039133149804,0.21095780843831233,168,5000,-1.22722267819877,0.21973890797261283,168,1.0,1.0,False
20260827T043457543402Z,B02_minus_M04_lstm,component_and_placebo_tests,mae,-0.13815418899079487,-0.3675707639096845,0.09286268039921974,0.23595280943811237,168,5000,-1.1547596400736064,0.24818886894924447,168,1.0,1.0,False
20260827T043457543402Z,M11_minus_M10_retrieval,component_and_placebo_tests,mse,1.0751794576679727,-7.1767008802086485,6.711800056164756,0.7698460307938413,168,5000,0.30255396535349005,0.7622298013222331,168,1.0,1.0,False
20260827T043457543402Z,M11_minus_M10_retrieval,component_and_placebo_tests,mae,0.37177863653779514,0.1521270583365063,0.60133829978648,0.0015996800639872025,168,5000,3.2348355746160213,0.0012171280038174935,168,0.04639072185562887,0.03529671211070731,True
20260827T043457543402Z,M11_minus_P00_climatology_placebo,component_and_placebo_tests,mse,0.45781804766773393,-5.5894241252256895,6.504295155764936,0.8780243951209759,168,5000,0.15133858249606624,0.8797086353373215,168,1.0,1.0,False
20260827T043457543402Z,M11_minus_P00_climatology_placebo,component_and_placebo_tests,mae,-0.16476763720879062,-0.6116737222794671,0.2643543061415148,0.4741051789642072,168,5000,-0.7316246119743145,0.46439772176875743,168,1.0,1.0,False
20260827T043457543402Z,M11_minus_P01_persistence_placebo,component_and_placebo_tests,mse,1.644818895907691,-4.109300835378548,6.938986000286599,0.5474905018996201,168,5000,0.5872878981502463,0.5570103674673396,168,1.0,1.0,False
20260827T043457543402Z,M11_minus_P01_persistence_placebo,component_and_placebo_tests,mae,0.3033536220469126,0.06396998221196008,0.5933962425800551,0.023795240951809637,168,5000,2.202980596769207,0.027596116252396403,168,0.4871025794841032,0.5233147034835433,False
20260827T043457543402Z,M12_minus_M04_drift_router,component_and_placebo_tests,mse,-0.539888482058304,-1.1115614531451836,-0.06631686370314671,0.03559288142371526,168,5000,-2.069812521260046,0.038469904359370255,168,0.9254149170165967,1.0,False
20260827T043457543402Z,M12_minus_M04_drift_router,component_and_placebo_tests,mae,-0.04303551355432366,-0.08572430383525076,-0.009876229356227268,0.02499500099980004,168,5000,-2.2037365213873974,0.027542879130712804,168,0.4871025794841032,0.5233147034835433,False
