run_id,model,target_event_flag,n_origins,n_points,eligible_for_metrics,mse,mae,skill_vs_climatology,event_availability_mode
20260827T043457543402Z,C00_hour_month_climatology,False,2427,58248,True,74.13048275646074,6.391468422174123,0.0,retrospective_event_start
20260827T043457543402Z,C02_calendar_retrieval,False,2427,58248,True,73.63893982848437,5.845535262450222,0.006630780074523779,retrospective_event_start
20260827T043457543402Z,C03_event_conditioned_retrieval,False,2427,58248,True,54.63259335235527,4.931290651187316,0.26302121177547777,retrospective_event_start
20260827T043457543402Z,M00_persistence,False,2427,58248,True,57.91437898733052,4.865623708870792,0.21875081836988197,retrospective_event_start
20260827T043457543402Z,M01_daily_seasonal,False,2427,58248,True,65.31802283196845,5.154998446452215,0.11887768157997392,retrospective_event_start
20260827T043457543402Z,M02_weekly_seasonal,False,2427,58248,True,119.75599615706327,7.115856344717604,-0.6154757355418152,retrospective_event_start
20260827T043457543402Z,M05_random_retrieval,False,2427,58248,True,70.83914207677134,5.774723518084795,0.044399288353515365,retrospective_event_start
20260827T043457543402Z,M06_cosine_retrieval,False,2427,58248,True,54.02888417014295,4.876946010405821,0.27116508403644324,retrospective_event_start
20260827T043457543402Z,M03_xgb_pm25,False,2427,58248,True,44.87907206290005,4.3250359339860065,0.394593554579426,retrospective_event_start
20260827T043457543402Z,M04_xgb_context,False,2427,58248,True,42.20263162304464,4.230428094869995,0.4306980063560084,retrospective_event_start
20260827T043457543402Z,C01_ridge_context,False,2427,58248,True,39.45576012083393,4.089770737427222,0.46775255396006143,retrospective_event_start
20260827T043457543402Z,C05_lightgbm_context,False,2427,58248,True,40.32284184233721,4.154719666031438,0.45605585795510106,retrospective_event_start
20260827T043457543402Z,B00_dlinear,False,2427,58248,True,40.625019838273104,4.108026597464283,0.4519795591816447,retrospective_event_start
20260827T043457543402Z,B02_lstm,False,2427,58248,True,40.29273613789764,4.104241255101453,0.45646197569938274,retrospective_event_start
20260827T043457543402Z,B01_patchtst,False,2427,58248,True,41.117372159086464,4.123208905311061,0.4453378606184385,retrospective_event_start
20260827T043457543402Z,C06_context_ensemble,False,2427,58248,True,40.33149973362782,4.156875415766797,0.4559390653622475,retrospective_event_start
20260827T043457543402Z,M07_xgb_cosine,False,2427,58248,True,41.10832862177271,4.153875740324674,0.4454598554709941,retrospective_event_start
20260827T043457543402Z,C04_xgb_context_event,False,2427,58248,True,41.623330352577874,4.19398410234584,0.4385126225425767,retrospective_event_start
20260827T043457543402Z,A02_xgb_matched_event_placebo,False,2427,58248,True,42.10656889757349,4.219992250400686,0.431993866330194,retrospective_event_start
20260827T043457543402Z,M08_event_timeraf_no_drift,False,2427,58248,True,41.305969143524436,4.13639695131559,0.4427937387211407,retrospective_event_start
20260827T043457543402Z,A01_xgb_random_retrieval,False,2427,58248,True,42.133009707101856,4.218321187254244,0.4316371870189958,retrospective_event_start
20260827T043457543402Z,M09_event_timeraf_full,False,2427,58248,True,41.39857702783474,4.147899532488928,0.44154448361221943,retrospective_event_start
20260827T043457543402Z,M13_trace_raf,False,2427,58248,True,40.28018871625471,4.135644704502681,0.4566312369961715,retrospective_event_start
20260827T043457543402Z,A04_trace_raw_analogue_fusion,False,2427,58248,True,40.33149973362782,4.156875415766797,0.4559390653622475,retrospective_event_start
20260827T043457543402Z,A05_trace_residual_ungated,False,2427,58248,True,45.25176611850818,4.254549034635804,0.3895660133878688,retrospective_event_start
20260827T043457543402Z,A06_trace_residual_constant,False,2427,58248,True,40.33149973362782,4.156875415766797,0.4559390653622475,retrospective_event_start
20260827T043457543402Z,A03_trace_raf_no_event,False,2427,58248,True,40.28039582785886,4.135926773783283,0.4566284431171025,retrospective_event_start
20260827T043457543402Z,A00_full_without_events,False,2427,58248,True,41.04127809887759,4.148792522574398,0.44636434874288344,retrospective_event_start
20260827T043457543402Z,M10_frozen_chronos,False,2427,58248,True,47.90860947855393,4.211382154297161,0.35372592087458754,retrospective_event_start
20260827T043457543402Z,M11_chronos_event_retrieval,False,2427,58248,True,49.058952565950165,4.591097871154622,0.33820810627764997,retrospective_event_start
20260827T043457543402Z,P00_chronos_climatology_fusion,False,2427,58248,True,48.342062678609075,4.733868619457144,0.34787875539100155,retrospective_event_start
20260827T043457543402Z,P01_chronos_persistence_fusion,False,2427,58248,True,47.388545099919426,4.285665906791901,0.36074144754184345,retrospective_event_start
20260827T043457543402Z,M12_validation_drift_router,False,2427,58248,True,41.66239180445555,4.188041260197238,0.4379856942072251,retrospective_event_start
20260827T043457543402Z,C00_hour_month_climatology,True,33,792,False,,,,retrospective_event_start
20260827T043457543402Z,C02_calendar_retrieval,True,33,792,False,,,,retrospective_event_start
20260827T043457543402Z,C03_event_conditioned_retrieval,True,33,792,False,,,,retrospective_event_start
20260827T043457543402Z,M00_persistence,True,33,792,False,,,,retrospective_event_start
20260827T043457543402Z,M01_daily_seasonal,True,33,792,False,,,,retrospective_event_start
20260827T043457543402Z,M02_weekly_seasonal,True,33,792,False,,,,retrospective_event_start
20260827T043457543402Z,M05_random_retrieval,True,33,792,False,,,,retrospective_event_start
20260827T043457543402Z,M06_cosine_retrieval,True,33,792,False,,,,retrospective_event_start
20260827T043457543402Z,M03_xgb_pm25,True,33,792,False,,,,retrospective_event_start
20260827T043457543402Z,M04_xgb_context,True,33,792,False,,,,retrospective_event_start
20260827T043457543402Z,C01_ridge_context,True,33,792,False,,,,retrospective_event_start
20260827T043457543402Z,C05_lightgbm_context,True,33,792,False,,,,retrospective_event_start
20260827T043457543402Z,B00_dlinear,True,33,792,False,,,,retrospective_event_start
20260827T043457543402Z,B02_lstm,True,33,792,False,,,,retrospective_event_start
20260827T043457543402Z,B01_patchtst,True,33,792,False,,,,retrospective_event_start
20260827T043457543402Z,C06_context_ensemble,True,33,792,False,,,,retrospective_event_start
20260827T043457543402Z,M07_xgb_cosine,True,33,792,False,,,,retrospective_event_start
20260827T043457543402Z,C04_xgb_context_event,True,33,792,False,,,,retrospective_event_start
20260827T043457543402Z,A02_xgb_matched_event_placebo,True,33,792,False,,,,retrospective_event_start
20260827T043457543402Z,M08_event_timeraf_no_drift,True,33,792,False,,,,retrospective_event_start
20260827T043457543402Z,A01_xgb_random_retrieval,True,33,792,False,,,,retrospective_event_start
20260827T043457543402Z,M09_event_timeraf_full,True,33,792,False,,,,retrospective_event_start
20260827T043457543402Z,M13_trace_raf,True,33,792,False,,,,retrospective_event_start
20260827T043457543402Z,A04_trace_raw_analogue_fusion,True,33,792,False,,,,retrospective_event_start
20260827T043457543402Z,A05_trace_residual_ungated,True,33,792,False,,,,retrospective_event_start
20260827T043457543402Z,A06_trace_residual_constant,True,33,792,False,,,,retrospective_event_start
20260827T043457543402Z,A03_trace_raf_no_event,True,33,792,False,,,,retrospective_event_start
20260827T043457543402Z,A00_full_without_events,True,33,792,False,,,,retrospective_event_start
20260827T043457543402Z,M10_frozen_chronos,True,33,792,False,,,,retrospective_event_start
20260827T043457543402Z,M11_chronos_event_retrieval,True,33,792,False,,,,retrospective_event_start
20260827T043457543402Z,P00_chronos_climatology_fusion,True,33,792,False,,,,retrospective_event_start
20260827T043457543402Z,P01_chronos_persistence_fusion,True,33,792,False,,,,retrospective_event_start
20260827T043457543402Z,M12_validation_drift_router,True,33,792,False,,,,retrospective_event_start
