run_id,model,horizon,model_mse,climatology_mse,skill_vs_climatology
20260827T043457543402Z,C00_hour_month_climatology,1,75.40792956065759,75.40792956065759,0.0
20260827T043457543402Z,C00_hour_month_climatology,2,74.25889523301069,74.25889523301069,0.0
20260827T043457543402Z,C00_hour_month_climatology,3,73.73175068710107,73.73175068710107,0.0
20260827T043457543402Z,C00_hour_month_climatology,4,72.76903870519097,72.76903870519097,0.0
20260827T043457543402Z,C00_hour_month_climatology,5,71.8311824012206,71.8311824012206,0.0
20260827T043457543402Z,C00_hour_month_climatology,6,71.74750530496222,71.74750530496222,0.0
20260827T043457543402Z,C00_hour_month_climatology,7,72.13315658433255,72.13315658433255,0.0
20260827T043457543402Z,C00_hour_month_climatology,8,72.98146214379322,72.98146214379322,0.0
20260827T043457543402Z,C00_hour_month_climatology,9,73.44464653052647,73.44464653052647,0.0
20260827T043457543402Z,C00_hour_month_climatology,10,73.38466272498346,73.38466272498346,0.0
20260827T043457543402Z,C00_hour_month_climatology,11,72.29489376241072,72.29489376241072,0.0
20260827T043457543402Z,C00_hour_month_climatology,12,71.78026962888498,71.78026962888498,0.0
20260827T043457543402Z,C00_hour_month_climatology,13,71.95015477127568,71.95015477127568,0.0
20260827T043457543402Z,C00_hour_month_climatology,14,72.7711440703363,72.7711440703363,0.0
20260827T043457543402Z,C00_hour_month_climatology,15,74.14212335220941,74.14212335220941,0.0
20260827T043457543402Z,C00_hour_month_climatology,16,75.32475104655654,75.32475104655654,0.0
20260827T043457543402Z,C00_hour_month_climatology,17,76.21281222775809,76.21281222775809,0.0
20260827T043457543402Z,C00_hour_month_climatology,18,76.67292463242012,76.67292463242012,0.0
20260827T043457543402Z,C00_hour_month_climatology,19,76.87074222671528,76.87074222671528,0.0
20260827T043457543402Z,C00_hour_month_climatology,20,76.69896888622593,76.69896888622593,0.0
20260827T043457543402Z,C00_hour_month_climatology,21,76.26200644536749,76.26200644536749,0.0
20260827T043457543402Z,C00_hour_month_climatology,22,75.21150580613595,75.21150580613595,0.0
20260827T043457543402Z,C00_hour_month_climatology,23,73.87431844661157,73.87431844661157,0.0
20260827T043457543402Z,C00_hour_month_climatology,24,72.21063570541858,72.21063570541858,0.0
20260827T043457543402Z,C02_calendar_retrieval,1,63.349254047053726,75.40792956065759,0.1599125660107662
20260827T043457543402Z,C02_calendar_retrieval,2,60.4028231893504,74.25889523301069,0.18659141103813215
20260827T043457543402Z,C02_calendar_retrieval,3,61.16224677872764,73.73175068710107,0.17047613533164607
20260827T043457543402Z,C02_calendar_retrieval,4,62.06327265680523,72.76903870519097,0.14711979488636617
20260827T043457543402Z,C02_calendar_retrieval,5,66.06594442525665,71.8311824012206,0.08026093659104228
20260827T043457543402Z,C02_calendar_retrieval,6,77.58800232307216,71.74750530496222,-0.0814034856443433
20260827T043457543402Z,C02_calendar_retrieval,7,88.13198951398314,72.13315658433255,-0.22179582437857115
20260827T043457543402Z,C02_calendar_retrieval,8,83.63437898429345,72.98146214379322,-0.14596743512086796
20260827T043457543402Z,C02_calendar_retrieval,9,93.97396674103415,73.44464653052647,-0.2795209886669532
20260827T043457543402Z,C02_calendar_retrieval,10,85.98527844729448,73.38466272498346,-0.17170639278582112
20260827T043457543402Z,C02_calendar_retrieval,11,78.39830180779606,72.29489376241072,-0.08442377777666454
20260827T043457543402Z,C02_calendar_retrieval,12,73.18670273232227,71.78026962888498,-0.019593589028137792
20260827T043457543402Z,C02_calendar_retrieval,13,69.65419118319244,71.95015477127568,0.031910474624855745
20260827T043457543402Z,C02_calendar_retrieval,14,64.86315232761952,72.7711440703363,0.10866933375505805
20260827T043457543402Z,C02_calendar_retrieval,15,64.52815319254184,74.14212335220941,0.12966947431484754
20260827T043457543402Z,C02_calendar_retrieval,16,63.771077803603795,75.32475104655654,0.1533848181696834
20260827T043457543402Z,C02_calendar_retrieval,17,65.52425091471464,76.21281222775809,0.14024625257366485
20260827T043457543402Z,C02_calendar_retrieval,18,68.18201923951251,76.67292463242012,0.11074190052895594
20260827T043457543402Z,C02_calendar_retrieval,19,68.59450804659248,76.87074222671528,0.1076642938572605
20260827T043457543402Z,C02_calendar_retrieval,20,80.38296981120087,76.69896888622593,-0.048031948518626466
20260827T043457543402Z,C02_calendar_retrieval,21,89.65228741823138,76.26200644536749,-0.17558259475452442
20260827T043457543402Z,C02_calendar_retrieval,22,78.35039755454204,75.21150580613595,-0.04173419631428277
20260827T043457543402Z,C02_calendar_retrieval,23,70.18070193352806,73.87431844661157,0.0499986543463391
20260827T043457543402Z,C02_calendar_retrieval,24,71.33985624219733,72.21063570541858,0.012058881004365807
20260827T043457543402Z,C03_event_conditioned_retrieval,1,34.98468485416414,75.40792956065759,0.536060928101431
20260827T043457543402Z,C03_event_conditioned_retrieval,2,38.0932155043295,74.25889523301069,0.4870215159436452
20260827T043457543402Z,C03_event_conditioned_retrieval,3,41.30045672988421,73.73175068710107,0.4398552001680671
20260827T043457543402Z,C03_event_conditioned_retrieval,4,41.703498028362006,72.76903870519097,0.4269060197797131
20260827T043457543402Z,C03_event_conditioned_retrieval,5,43.53310380735962,71.8311824012206,0.39395256555570946
20260827T043457543402Z,C03_event_conditioned_retrieval,6,48.627870691549,71.74750530496222,0.3222360765735811
20260827T043457543402Z,C03_event_conditioned_retrieval,7,51.59968161541362,72.13315658433255,0.28466070169704505
20260827T043457543402Z,C03_event_conditioned_retrieval,8,54.23237707899879,72.98146214379322,0.2569020202397928
20260827T043457543402Z,C03_event_conditioned_retrieval,9,57.75299357437208,73.44464653052647,0.2136527806643106
20260827T043457543402Z,C03_event_conditioned_retrieval,10,56.26114125439555,73.38466272498346,0.23333924058164668
20260827T043457543402Z,C03_event_conditioned_retrieval,11,54.726613211414914,72.29489376241072,0.24300859489097593
20260827T043457543402Z,C03_event_conditioned_retrieval,12,57.2425646813902,71.78026962888498,0.2025306539339703
20260827T043457543402Z,C03_event_conditioned_retrieval,13,56.83313808478996,71.95015477127568,0.21010401901902254
20260827T043457543402Z,C03_event_conditioned_retrieval,14,56.38723640635854,72.7711440703363,0.22514291720001056
20260827T043457543402Z,C03_event_conditioned_retrieval,15,58.02870320036204,74.14212335220941,0.21733151713636745
20260827T043457543402Z,C03_event_conditioned_retrieval,16,58.25687979344664,75.32475104655654,0.22659047678180355
20260827T043457543402Z,C03_event_conditioned_retrieval,17,59.76719286299288,76.21281222775809,0.21578549438142136
20260827T043457543402Z,C03_event_conditioned_retrieval,18,61.55856750380481,76.67292463242012,0.19712769795955332
20260827T043457543402Z,C03_event_conditioned_retrieval,19,60.36278435666617,76.87074222671528,0.21474955739808144
20260827T043457543402Z,C03_event_conditioned_retrieval,20,61.96152446803939,76.69896888622593,0.19214657813780822
20260827T043457543402Z,C03_event_conditioned_retrieval,21,64.89512087728829,76.26200644536749,0.14905043937209017
20260827T043457543402Z,C03_event_conditioned_retrieval,22,61.69511357138291,75.21150580613595,0.17971176204865102
20260827T043457543402Z,C03_event_conditioned_retrieval,23,59.63514237992937,73.87431844661157,0.19274866240522748
20260827T043457543402Z,C03_event_conditioned_retrieval,24,58.90100412304806,72.21063570541858,0.18431677622485998
20260827T043457543402Z,M00_persistence,1,7.931643230904867,75.40792956065759,0.8948168544459941
20260827T043457543402Z,M00_persistence,2,16.39353658871686,74.25889523301069,0.7792380759600992
20260827T043457543402Z,M00_persistence,3,25.343522248692,73.73175068710107,0.6562739659303153
20260827T043457543402Z,M00_persistence,4,33.69238287107934,72.76903870519097,0.5369956306887986
20260827T043457543402Z,M00_persistence,5,41.782089102925454,71.8311824012206,0.41832937025110883
20260827T043457543402Z,M00_persistence,6,50.59622232409955,71.74750530496222,0.29480165046797524
20260827T043457543402Z,M00_persistence,7,57.26945108288753,72.13315658433255,0.2060592687922581
20260827T043457543402Z,M00_persistence,8,61.88891837792109,72.98146214379322,0.15199125147721515
20260827T043457543402Z,M00_persistence,9,64.86183004944245,73.44464653052647,0.11686102236895746
20260827T043457543402Z,M00_persistence,10,66.88161753883851,73.38466272498346,0.08861586256130616
20260827T043457543402Z,M00_persistence,11,68.12904241698867,72.29489376241072,0.05762303710013972
20260827T043457543402Z,M00_persistence,12,68.70255986073286,71.78026962888498,0.04287682094347589
20260827T043457543402Z,M00_persistence,13,68.68370837303861,71.95015477127568,0.045398740400501736
20260827T043457543402Z,M00_persistence,14,70.06381796771124,72.7711440703363,0.03720329173344206
20260827T043457543402Z,M00_persistence,15,71.39440242589424,74.14212335220941,0.0370601865994884
20260827T043457543402Z,M00_persistence,16,72.66338512954368,75.32475104655654,0.03533189131110337
20260827T043457543402Z,M00_persistence,17,72.4201624975177,76.21281222775809,0.049763938888729875
20260827T043457543402Z,M00_persistence,18,71.40263804043137,76.67292463242012,0.06873725786847418
20260827T043457543402Z,M00_persistence,19,68.91684333230374,76.87074222671528,0.10347108228710822
20260827T043457543402Z,M00_persistence,20,66.41055367739152,76.69896888622593,0.13414020238128732
20260827T043457543402Z,M00_persistence,21,64.48318072848953,76.26200644536749,0.1544520825755623
20260827T043457543402Z,M00_persistence,22,62.562788407459415,75.21150580613595,0.1681752979561355
20260827T043457543402Z,M00_persistence,23,61.59489610380353,73.87431844661157,0.16622044847266226
20260827T043457543402Z,M00_persistence,24,61.78576289138719,72.21063570541858,0.1443675535077601
20260827T043457543402Z,M01_daily_seasonal,1,65.3218045182561,75.40792956065759,0.13375417016705493
20260827T043457543402Z,M01_daily_seasonal,2,64.06010017010678,74.25889523301069,0.13734105565268617
20260827T043457543402Z,M01_daily_seasonal,3,63.30704239504935,73.73175068710107,0.14138696280645158
20260827T043457543402Z,M01_daily_seasonal,4,62.8116926310628,72.76903870519097,0.13683492665704078
20260827T043457543402Z,M01_daily_seasonal,5,61.68777428524969,71.8311824012206,0.14121176593354468
20260827T043457543402Z,M01_daily_seasonal,6,62.694334076021136,71.74750530496222,0.1261809897147036
20260827T043457543402Z,M01_daily_seasonal,7,62.93958513363722,72.13315658433255,0.1274527815782872
20260827T043457543402Z,M01_daily_seasonal,8,64.21212250682333,72.98146214379322,0.12015845365898425
20260827T043457543402Z,M01_daily_seasonal,9,64.6781722974645,73.44464653052647,0.11936165053797732
20260827T043457543402Z,M01_daily_seasonal,10,65.380487285846,73.38466272498346,0.10907150270805122
20260827T043457543402Z,M01_daily_seasonal,11,65.49782072720598,72.29489376241072,0.09401871531262751
20260827T043457543402Z,M01_daily_seasonal,12,65.73836043241559,71.78026962888498,0.0841722833824251
20260827T043457543402Z,M01_daily_seasonal,13,66.40023656471388,71.95015477127568,0.07713559789001967
20260827T043457543402Z,M01_daily_seasonal,14,67.16565116441454,72.7711440703363,0.07702906114137531
20260827T043457543402Z,M01_daily_seasonal,15,67.72222843685442,74.14212335220941,0.08658903501937099
20260827T043457543402Z,M01_daily_seasonal,16,67.61297742663928,75.32475104655654,0.10238033996489138
20260827T043457543402Z,M01_daily_seasonal,17,67.26876907020745,76.21281222775809,0.1173561622529008
20260827T043457543402Z,M01_daily_seasonal,18,66.33803634023798,76.67292463242012,0.13479188829340905
20260827T043457543402Z,M01_daily_seasonal,19,65.58930161360352,76.87074222671528,0.14675857532166592
20260827T043457543402Z,M01_daily_seasonal,20,64.98740321675292,76.69896888622593,0.15269521663121388
20260827T043457543402Z,M01_daily_seasonal,21,64.60868571026504,76.26200644536749,0.15280637473721137
20260827T043457543402Z,M01_daily_seasonal,22,63.53606063826961,75.21150580613595,0.15523482800571486
20260827T043457543402Z,M01_daily_seasonal,23,62.216361452295864,73.87431844661157,0.1578079803570821
20260827T043457543402Z,M01_daily_seasonal,24,61.78576289138719,72.21063570541858,0.1443675535077601
20260827T043457543402Z,M02_weekly_seasonal,1,120.26173039514302,75.40792956065759,-0.5948154404425778
20260827T043457543402Z,M02_weekly_seasonal,2,119.37708806279463,74.25889523301069,-0.6075796399638236
20260827T043457543402Z,M02_weekly_seasonal,3,118.61372753488767,73.73175068710107,-0.6087198042842408
20260827T043457543402Z,M02_weekly_seasonal,4,117.85444167838001,72.76903870519097,-0.6195684837317068
20260827T043457543402Z,M02_weekly_seasonal,5,116.76962486445434,71.8311824012206,-0.6256118994704187
20260827T043457543402Z,M02_weekly_seasonal,6,116.72018989421043,71.74750530496222,-0.6268187917906298
20260827T043457543402Z,M02_weekly_seasonal,7,117.21268086693911,72.13315658433255,-0.6249487256238819
20260827T043457543402Z,M02_weekly_seasonal,8,118.13898766760599,72.98146214379322,-0.618753368284678
20260827T043457543402Z,M02_weekly_seasonal,9,118.4178209882634,73.44464653052647,-0.6123410838262298
20260827T043457543402Z,M02_weekly_seasonal,10,118.39675183985472,73.38466272498346,-0.6133718878501722
20260827T043457543402Z,M02_weekly_seasonal,11,117.1931980746719,72.29489376241072,-0.6210439213011993
20260827T043457543402Z,M02_weekly_seasonal,12,116.41812188927973,71.78026962888498,-0.6218679936865563
20260827T043457543402Z,M02_weekly_seasonal,13,115.82075311170708,71.95015477127568,-0.6097359829161293
20260827T043457543402Z,M02_weekly_seasonal,14,116.67098984853583,72.7711440703363,-0.6032589749553547
20260827T043457543402Z,M02_weekly_seasonal,15,118.6796149307379,74.14212335220941,-0.6007042901503479
20260827T043457543402Z,M02_weekly_seasonal,16,120.02673784190645,75.32475104655654,-0.5934568143175225
20260827T043457543402Z,M02_weekly_seasonal,17,120.62120732476349,76.21281222775809,-0.5826893641490773
20260827T043457543402Z,M02_weekly_seasonal,18,121.14579970549167,76.67292463242012,-0.5800336335972607
20260827T043457543402Z,M02_weekly_seasonal,19,120.96413312459026,76.87074222671528,-0.5736043339848353
20260827T043457543402Z,M02_weekly_seasonal,20,120.60661478372545,76.69896888622593,-0.5724672252456411
20260827T043457543402Z,M02_weekly_seasonal,21,120.61292675611926,76.26200644536749,-0.5815598405809563
20260827T043457543402Z,M02_weekly_seasonal,22,119.3904631378034,75.21150580613595,-0.5873962614914594
20260827T043457543402Z,M02_weekly_seasonal,23,118.31102230113196,73.87431844661157,-0.6015176151727812
20260827T043457543402Z,M02_weekly_seasonal,24,116.6804532292184,72.21063570541858,-0.6158347325069022
20260827T043457543402Z,M05_random_retrieval,1,61.27414844219455,75.40792956065759,0.18743096648866253
20260827T043457543402Z,M05_random_retrieval,2,59.4180789308968,74.25889523301069,0.1998523712956698
20260827T043457543402Z,M05_random_retrieval,3,60.4963172847745,73.73175068710107,0.17950792269255078
20260827T043457543402Z,M05_random_retrieval,4,60.69020241073177,72.76903870519097,0.16598867470812906
20260827T043457543402Z,M05_random_retrieval,5,63.80709161905594,71.8311824012206,0.11170762493293318
20260827T043457543402Z,M05_random_retrieval,6,71.62494870134226,71.74750530496222,0.0017081653654580364
20260827T043457543402Z,M05_random_retrieval,7,77.47107540710121,72.13315658433255,-0.07400090437644957
20260827T043457543402Z,M05_random_retrieval,8,79.28459754043844,72.98146214379322,-0.08636625262763764
20260827T043457543402Z,M05_random_retrieval,9,81.87158085277815,73.44464653052647,-0.11473857823999634
20260827T043457543402Z,M05_random_retrieval,10,75.72851236684274,73.38466272498346,-0.03193923028089807
20260827T043457543402Z,M05_random_retrieval,11,70.25154276709604,72.29489376241072,0.028264112290280585
20260827T043457543402Z,M05_random_retrieval,12,67.68269263018708,71.78026962888498,0.057085004276007933
20260827T043457543402Z,M05_random_retrieval,13,66.65576571352163,71.95015477127568,0.07358412326678831
20260827T043457543402Z,M05_random_retrieval,14,67.2307602123223,72.7711440703363,0.07613435144923653
20260827T043457543402Z,M05_random_retrieval,15,68.92075027165926,74.14212335220941,0.07042384065190865
20260827T043457543402Z,M05_random_retrieval,16,70.44804040960798,75.32475104655654,0.0647424726825101
20260827T043457543402Z,M05_random_retrieval,17,69.90083980656286,76.21281222775809,0.08282035837140123
20260827T043457543402Z,M05_random_retrieval,18,70.69951200749549,76.67292463242012,0.07790771844900846
20260827T043457543402Z,M05_random_retrieval,19,68.40142384948129,76.87074222671528,0.1101760973278414
20260827T043457543402Z,M05_random_retrieval,20,73.82873274487565,76.69896888622593,0.03742209553831077
20260827T043457543402Z,M05_random_retrieval,21,78.682835460847,76.26200644536749,-0.031743578858153265
20260827T043457543402Z,M05_random_retrieval,22,73.55364583340132,75.21150580613595,0.022042637691736977
20260827T043457543402Z,M05_random_retrieval,23,71.23203697077274,73.87431844661157,0.03576725351108834
20260827T043457543402Z,M05_random_retrieval,24,73.0942531802854,72.21063570541858,-0.012236666610601743
20260827T043457543402Z,M06_cosine_retrieval,1,31.340531302565655,75.40792956065759,0.5843867947951606
20260827T043457543402Z,M06_cosine_retrieval,2,35.777158134105434,74.25889523301069,0.5182104713267909
20260827T043457543402Z,M06_cosine_retrieval,3,38.95471669196751,73.73175068710107,0.4716697171984767
20260827T043457543402Z,M06_cosine_retrieval,4,41.80105381834832,72.76903870519097,0.42556539756287237
20260827T043457543402Z,M06_cosine_retrieval,5,44.51075201239083,71.8311824012206,0.38034220620549775
20260827T043457543402Z,M06_cosine_retrieval,6,51.155808657943545,71.74750530496222,0.28700226662228634
20260827T043457543402Z,M06_cosine_retrieval,7,55.05097130908936,72.13315658433255,0.23681460903866047
20260827T043457543402Z,M06_cosine_retrieval,8,58.20908618827534,72.98146214379322,0.20241271579914777
20260827T043457543402Z,M06_cosine_retrieval,9,59.067559614074625,73.44464653052647,0.19575404873759128
20260827T043457543402Z,M06_cosine_retrieval,10,57.13103168382623,73.38466272498346,0.22148539541660595
20260827T043457543402Z,M06_cosine_retrieval,11,56.29021590280366,72.29489376241072,0.22138047414807316
20260827T043457543402Z,M06_cosine_retrieval,12,54.33607791820934,71.78026962888498,0.24302209786707119
20260827T043457543402Z,M06_cosine_retrieval,13,53.42307326470887,71.95015477127568,0.2574988416003142
20260827T043457543402Z,M06_cosine_retrieval,14,53.714179863234854,72.7711440703363,0.26187528656526426
20260827T043457543402Z,M06_cosine_retrieval,15,57.08214769791063,74.14212335220941,0.2300982880306246
20260827T043457543402Z,M06_cosine_retrieval,16,57.71260389981177,75.32475104655654,0.23381620120933555
20260827T043457543402Z,M06_cosine_retrieval,17,56.474753093400615,76.21281222775809,0.258986101646155
20260827T043457543402Z,M06_cosine_retrieval,18,59.42274244753848,76.67292463242012,0.2249840118605262
20260827T043457543402Z,M06_cosine_retrieval,19,57.37524840692114,76.87074222671528,0.25361396618619836
20260827T043457543402Z,M06_cosine_retrieval,20,59.47280627060415,76.69896888622593,0.22459444847524357
20260827T043457543402Z,M06_cosine_retrieval,21,63.804761682879494,76.26200644536749,0.16334798077220936
20260827T043457543402Z,M06_cosine_retrieval,22,60.933485897559315,75.21150580613595,0.18983824024716967
20260827T043457543402Z,M06_cosine_retrieval,23,61.915903724409574,73.87431844661157,0.1618751275633663
20260827T043457543402Z,M06_cosine_retrieval,24,60.21004231369391,72.21063570541858,0.16618872378690563
20260827T043457543402Z,M03_xgb_pm25,1,8.69951899592007,75.40792956065759,0.8846338966391825
20260827T043457543402Z,M03_xgb_pm25,2,16.456284030129602,74.25889523301069,0.778393093803876
20260827T043457543402Z,M03_xgb_pm25,3,23.64580451273646,73.73175068710107,0.679299565080405
20260827T043457543402Z,M03_xgb_pm25,4,29.30909441801225,72.76903870519097,0.59723125467203
20260827T043457543402Z,M03_xgb_pm25,5,34.836700005811885,71.8311824012206,0.5150198167248892
20260827T043457543402Z,M03_xgb_pm25,6,39.135175009161934,71.74750530496222,0.454543055639103
20260827T043457543402Z,M03_xgb_pm25,7,42.647017688261485,72.13315658433255,0.40877372199285544
20260827T043457543402Z,M03_xgb_pm25,8,44.77519760898309,72.98146214379322,0.3864853307438012
20260827T043457543402Z,M03_xgb_pm25,9,46.508718803227346,73.44464653052647,0.36675141075263396
20260827T043457543402Z,M03_xgb_pm25,10,47.17084089513218,73.38466272498346,0.3572111781461783
20260827T043457543402Z,M03_xgb_pm25,11,49.41277763447122,72.29489376241072,0.31651082029581623
20260827T043457543402Z,M03_xgb_pm25,12,48.57497479000878,71.78026962888498,0.32328235821418805
20260827T043457543402Z,M03_xgb_pm25,13,48.70105162337239,71.95015477127568,0.32312791017351516
20260827T043457543402Z,M03_xgb_pm25,14,50.64613335752194,72.7711440703363,0.3040354936763071
20260827T043457543402Z,M03_xgb_pm25,15,49.52696663785535,74.14212335220941,0.33199961912907006
20260827T043457543402Z,M03_xgb_pm25,16,50.38495413904233,75.32475104655654,0.3310969709292432
20260827T043457543402Z,M03_xgb_pm25,17,52.81408794419635,76.21281222775809,0.30701825060116994
20260827T043457543402Z,M03_xgb_pm25,18,52.180659708535046,76.67292463242012,0.31943825074241194
20260827T043457543402Z,M03_xgb_pm25,19,53.36758810919284,76.87074222671528,0.3057490201955442
20260827T043457543402Z,M03_xgb_pm25,20,56.01396341057349,76.69896888622593,0.2696907895376828
20260827T043457543402Z,M03_xgb_pm25,21,55.123722829947404,76.26200644536749,0.2771797465172007
20260827T043457543402Z,M03_xgb_pm25,22,56.74319814488988,75.21150580613595,0.24555162755083904
20260827T043457543402Z,M03_xgb_pm25,23,57.526891724404294,73.87431844661157,0.22128700563270087
20260827T043457543402Z,M03_xgb_pm25,24,54.93095113762595,72.21063570541858,0.2392955608130174
20260827T043457543402Z,M04_xgb_context,1,8.586382677440886,75.40792956065759,0.886134220532682
20260827T043457543402Z,M04_xgb_context,2,14.940380124955015,74.25889523301069,0.7988068624226786
20260827T043457543402Z,M04_xgb_context,3,20.73052542683533,73.73175068710107,0.718838556881547
20260827T043457543402Z,M04_xgb_context,4,26.016743463160218,72.76903870519097,0.6424750975677749
20260827T043457543402Z,M04_xgb_context,5,31.418379667679023,71.8311824012206,0.562608067730413
20260827T043457543402Z,M04_xgb_context,6,32.73255301149138,71.74750530496222,0.5437813081812124
20260827T043457543402Z,M04_xgb_context,7,36.0761137536596,72.13315658433255,0.49986780751120774
20260827T043457543402Z,M04_xgb_context,8,38.41697068064289,72.98146214379322,0.47360645358199227
20260827T043457543402Z,M04_xgb_context,9,38.55048981846084,73.44464653052647,0.47510823947613734
20260827T043457543402Z,M04_xgb_context,10,41.09875905382767,73.38466272498346,0.43995437837127516
20260827T043457543402Z,M04_xgb_context,11,44.94838448846599,72.29489376241072,0.3782633579048619
20260827T043457543402Z,M04_xgb_context,12,43.849262480679684,71.78026962888498,0.3891181698343137
20260827T043457543402Z,M04_xgb_context,13,45.61847035248503,71.95015477127568,0.365971199123854
20260827T043457543402Z,M04_xgb_context,14,50.11903338762474,72.7711440703363,0.31127874890653595
20260827T043457543402Z,M04_xgb_context,15,46.68007666646416,74.14212335220941,0.3703973590733005
20260827T043457543402Z,M04_xgb_context,16,48.91739287213824,75.32475104655654,0.3505800923005574
20260827T043457543402Z,M04_xgb_context,17,51.529688523786,76.21281222775809,0.3238710524184285
20260827T043457543402Z,M04_xgb_context,18,53.38003343249418,76.67292463242012,0.3037955224950015
20260827T043457543402Z,M04_xgb_context,19,55.48714802763137,76.87074222671528,0.27817598191021964
20260827T043457543402Z,M04_xgb_context,20,53.4056453851965,76.69896888622593,0.3036980006286967
20260827T043457543402Z,M04_xgb_context,21,54.718052290821774,76.26200644536749,0.2824991782766607
20260827T043457543402Z,M04_xgb_context,22,57.31973729833664,75.21150580613595,0.23788605634245463
20260827T043457543402Z,M04_xgb_context,23,58.00288275737496,73.87431844661157,0.2148437511569975
20260827T043457543402Z,M04_xgb_context,24,55.592524022630506,72.21063570541858,0.23013385106566897
20260827T043457543402Z,C01_ridge_context,1,7.99568160576232,75.40792956065759,0.893967628439783
20260827T043457543402Z,C01_ridge_context,2,15.154299045537316,74.25889523301069,0.7959261446324252
20260827T043457543402Z,C01_ridge_context,3,21.302109895288286,73.73175068710107,0.7110863407314298
20260827T043457543402Z,C01_ridge_context,4,25.618607905645774,72.76903870519097,0.6479463194582743
20260827T043457543402Z,C01_ridge_context,5,29.217893055255185,71.8311824012206,0.5932422093227482
20260827T043457543402Z,C01_ridge_context,6,33.35447951697823,71.74750530496222,0.5351130415586538
20260827T043457543402Z,C01_ridge_context,7,36.62741288691492,72.13315658433255,0.4922250096723141
20260827T043457543402Z,C01_ridge_context,8,39.25089249983404,72.98146214379322,0.4621799653383326
20260827T043457543402Z,C01_ridge_context,9,40.95910197122242,73.44464653052647,0.4423133079659086
20260827T043457543402Z,C01_ridge_context,10,42.09657731911279,73.38466272498346,0.42635728289882546
20260827T043457543402Z,C01_ridge_context,11,42.340032193808774,72.29489376241072,0.4143427012569564
20260827T043457543402Z,C01_ridge_context,12,42.64443919700343,71.78026962888498,0.40590305083163203
20260827T043457543402Z,C01_ridge_context,13,43.02790813239099,71.95015477127568,0.40197615600447856
20260827T043457543402Z,C01_ridge_context,14,43.99802958645239,72.7711440703363,0.3953918115685183
20260827T043457543402Z,C01_ridge_context,15,45.154814684603686,74.14212335220941,0.3909694969201595
20260827T043457543402Z,C01_ridge_context,16,46.214118120160954,75.32475104655654,0.38646835896481035
20260827T043457543402Z,C01_ridge_context,17,47.149004193379376,76.21281222775809,0.38135068349824186
20260827T043457543402Z,C01_ridge_context,18,47.827676614845686,76.67292463242012,0.37621165692925196
20260827T043457543402Z,C01_ridge_context,19,48.26727498677431,76.87074222671528,0.372098231542771
20260827T043457543402Z,C01_ridge_context,20,48.74503285650814,76.69896888622593,0.36446299651282443
20260827T043457543402Z,C01_ridge_context,21,48.92795818972337,76.26200644536749,0.35842288355244967
20260827T043457543402Z,C01_ridge_context,22,48.38084066896445,75.21150580613595,0.35673617818967507
20260827T043457543402Z,C01_ridge_context,23,47.91999052739289,73.87431844661157,0.3513308611838589
20260827T043457543402Z,C01_ridge_context,24,47.29312890136045,72.21063570541858,0.34506699131840435
20260827T043457543402Z,C05_lightgbm_context,1,8.518452627556027,75.40792956065759,0.8870350548385784
20260827T043457543402Z,C05_lightgbm_context,2,15.165782788484997,74.25889523301069,0.7957714999543479
20260827T043457543402Z,C05_lightgbm_context,3,20.660704280100532,73.73175068710107,0.7197855186189821
20260827T043457543402Z,C05_lightgbm_context,4,26.8974229607713,72.76903870519097,0.6303727046644003
20260827T043457543402Z,C05_lightgbm_context,5,29.80998294810741,71.8311824012206,0.5849994117930479
20260827T043457543402Z,C05_lightgbm_context,6,32.555000387413344,71.74750530496222,0.5462559952567192
20260827T043457543402Z,C05_lightgbm_context,7,35.06029376846158,72.13315658433255,0.5139503741601579
20260827T043457543402Z,C05_lightgbm_context,8,37.48658624491838,72.98146214379322,0.48635468317886443
20260827T043457543402Z,C05_lightgbm_context,9,38.31125325207734,73.44464653052647,0.47836561190128835
20260827T043457543402Z,C05_lightgbm_context,10,40.00426603350417,73.38466272498346,0.4548688438696753
20260827T043457543402Z,C05_lightgbm_context,11,42.983928614921446,72.29489376241072,0.4054361742866178
20260827T043457543402Z,C05_lightgbm_context,12,42.31055307409278,71.78026962888498,0.4105545536002464
20260827T043457543402Z,C05_lightgbm_context,13,43.60757968292044,71.95015477127568,0.3939195847243725
20260827T043457543402Z,C05_lightgbm_context,14,46.05671364684197,72.7711440703363,0.3671019710460198
20260827T043457543402Z,C05_lightgbm_context,15,45.314451368229676,74.14212335220941,0.388816379685202
20260827T043457543402Z,C05_lightgbm_context,16,46.613619357411736,75.32475104655654,0.38116464097437375
20260827T043457543402Z,C05_lightgbm_context,17,49.39568571006833,76.21281222775809,0.35187163068524685
20260827T043457543402Z,C05_lightgbm_context,18,48.35680439688842,76.67292463242012,0.36931055351394027
20260827T043457543402Z,C05_lightgbm_context,19,48.56012660976542,76.87074222671528,0.3682885685356493
20260827T043457543402Z,C05_lightgbm_context,20,50.22220474663889,76.69896888622593,0.34520365167962386
20260827T043457543402Z,C05_lightgbm_context,21,53.37616270343187,76.26200644536749,0.30009495958292887
20260827T043457543402Z,C05_lightgbm_context,22,54.12429446827285,75.21150580613595,0.28037214667948784
20260827T043457543402Z,C05_lightgbm_context,23,53.67310170738057,73.87431844661157,0.27345384924031846
20260827T043457543402Z,C05_lightgbm_context,24,53.065888196234916,72.21063570541858,0.2651236527993489
20260827T043457543402Z,B00_dlinear,1,8.51523597494727,75.40792956065759,0.8870777115277024
20260827T043457543402Z,B00_dlinear,2,15.669933014129676,74.25889523301069,0.7889824112658783
20260827T043457543402Z,B00_dlinear,3,21.702429287497818,73.73175068710107,0.7056569376794342
20260827T043457543402Z,B00_dlinear,4,26.320969362717893,72.76903870519097,0.6382943923534297
20260827T043457543402Z,B00_dlinear,5,30.234733854012532,71.8311824012206,0.579086229081776
20260827T043457543402Z,B00_dlinear,6,34.27551618314336,71.74750530496222,0.5222758472583048
20260827T043457543402Z,B00_dlinear,7,37.093651415153936,72.13315658433255,0.4857614282859384
20260827T043457543402Z,B00_dlinear,8,40.112436392134214,72.98146214379322,0.4503749964189281
20260827T043457543402Z,B00_dlinear,9,42.40874395139935,73.44464653052647,0.4225754230599691
20260827T043457543402Z,B00_dlinear,10,44.24537947365254,73.38466272498346,0.39707593070957303
20260827T043457543402Z,B00_dlinear,11,44.92098330216603,72.29489376241072,0.3786423775682701
20260827T043457543402Z,B00_dlinear,12,44.91325049148524,71.78026962888498,0.37429532204749794
20260827T043457543402Z,B00_dlinear,13,45.36928845927945,71.95015477127568,0.36943445634682603
20260827T043457543402Z,B00_dlinear,14,46.24327375952318,72.7711440703363,0.3645383159727824
20260827T043457543402Z,B00_dlinear,15,46.73070133611585,74.14212335220941,0.3697145533029398
20260827T043457543402Z,B00_dlinear,16,47.5564077372988,75.32475104655654,0.36864832506508716
20260827T043457543402Z,B00_dlinear,17,48.50274032203895,76.21281222775809,0.36358810409605413
20260827T043457543402Z,B00_dlinear,18,48.570332692272224,76.67292463242012,0.36652562915625486
20260827T043457543402Z,B00_dlinear,19,48.80990184328538,76.87074222671528,0.3650392798429072
20260827T043457543402Z,B00_dlinear,20,48.90311903495436,76.69896888622593,0.3624018713016013
20260827T043457543402Z,B00_dlinear,21,49.48435035035525,76.26200644536749,0.35112708599130804
20260827T043457543402Z,B00_dlinear,22,49.12655140562527,75.21150580613595,0.3468213290097776
20260827T043457543402Z,B00_dlinear,23,48.545648981692366,73.87431844661157,0.3428616330751538
20260827T043457543402Z,B00_dlinear,24,49.06221201148679,72.21063570541858,0.32056806407805605
20260827T043457543402Z,B02_lstm,1,9.794133275141037,75.40792956065759,0.8701179924683822
20260827T043457543402Z,B02_lstm,2,17.245222527346904,74.25889523301069,0.7677689322843468
20260827T043457543402Z,B02_lstm,3,23.16946018201927,73.73175068710107,0.6857600699006239
20260827T043457543402Z,B02_lstm,4,27.90524790154498,72.76903870519097,0.6165230653300582
20260827T043457543402Z,B02_lstm,5,31.62216685513544,71.8311824012206,0.5597710381752243
20260827T043457543402Z,B02_lstm,6,35.10468297684289,71.74750530496222,0.5107191138196275
20260827T043457543402Z,B02_lstm,7,37.49141196348241,72.13315658433255,0.4802471742706791
20260827T043457543402Z,B02_lstm,8,40.053973435702595,72.98146214379322,0.45117606226105156
20260827T043457543402Z,B02_lstm,9,41.19717626432081,73.44464653052647,0.43907176070079323
20260827T043457543402Z,B02_lstm,10,42.50560032696239,73.38466272498346,0.42078359770819573
20260827T043457543402Z,B02_lstm,11,43.182198345062275,72.29489376241072,0.40269366067573376
20260827T043457543402Z,B02_lstm,12,43.949907357007305,71.78026962888498,0.3877160453111269
20260827T043457543402Z,B02_lstm,13,44.76397869892122,71.95015477127568,0.37784736056200763
20260827T043457543402Z,B02_lstm,14,45.368652188574075,72.7711440703363,0.3765571124631021
20260827T043457543402Z,B02_lstm,15,46.41936591111746,74.14212335220941,0.3739137239082838
20260827T043457543402Z,B02_lstm,16,47.623010303388995,75.32475104655654,0.36776411947310284
20260827T043457543402Z,B02_lstm,17,48.16668735160951,76.21281222775809,0.36799750667032427
20260827T043457543402Z,B02_lstm,18,48.167305084921075,76.67292463242012,0.37178208192994666
20260827T043457543402Z,B02_lstm,19,48.09773254061479,76.87074222671528,0.3743037838927078
20260827T043457543402Z,B02_lstm,20,47.87847109317726,76.69896888622593,0.37576121571856524
20260827T043457543402Z,B02_lstm,21,47.8993411383246,76.26200644536749,0.37191081941125315
20260827T043457543402Z,B02_lstm,22,47.32636786390757,75.21150580613595,0.37075627782409637
20260827T043457543402Z,B02_lstm,23,47.32648081829624,73.87431844661157,0.3593649076776425
20260827T043457543402Z,B02_lstm,24,47.21755027131406,72.21063570541858,0.34611363256879735
20260827T043457543402Z,B01_patchtst,1,10.713150796930776,75.40792956065759,0.8579307128660363
20260827T043457543402Z,B01_patchtst,2,16.825937226445376,74.25889523301069,0.7734151959351308
20260827T043457543402Z,B01_patchtst,3,22.52142499108001,73.73175068710107,0.6945491625900049
20260827T043457543402Z,B01_patchtst,4,27.162527291199577,72.76903870519097,0.6267296122841053
20260827T043457543402Z,B01_patchtst,5,31.41046016911383,71.8311824012206,0.5627183192716025
20260827T043457543402Z,B01_patchtst,6,35.956526211030166,71.74750530496222,0.49884632144076324
20260827T043457543402Z,B01_patchtst,7,39.19142304991078,72.13315658433255,0.45667949517651873
20260827T043457543402Z,B01_patchtst,8,41.679722708057355,72.98146214379322,0.4288998673945854
20260827T043457543402Z,B01_patchtst,9,43.3782935124404,73.44464653052647,0.4093743307157087
20260827T043457543402Z,B01_patchtst,10,44.54588059437142,73.38466272498346,0.3929810543476684
20260827T043457543402Z,B01_patchtst,11,44.737830405479365,72.29489376241072,0.381175791577959
20260827T043457543402Z,B01_patchtst,12,45.06089330451836,71.78026962888498,0.3722384502386227
20260827T043457543402Z,B01_patchtst,13,45.58735191644102,71.95015477127568,0.36640369904192827
20260827T043457543402Z,B01_patchtst,14,46.608807765169445,72.7711440703363,0.3595152534620025
20260827T043457543402Z,B01_patchtst,15,47.98611213887729,74.14212335220941,0.3527820627564031
20260827T043457543402Z,B01_patchtst,16,48.622040477501585,75.32475104655654,0.35450114601176197
20260827T043457543402Z,B01_patchtst,17,48.902874341518114,76.21281222775809,0.3583378842474101
20260827T043457543402Z,B01_patchtst,18,49.02794548085791,76.67292463242012,0.3605572538688957
20260827T043457543402Z,B01_patchtst,19,48.85855204487841,76.87074222671528,0.3644063966394441
20260827T043457543402Z,B01_patchtst,20,48.416860092478316,76.69896888622593,0.36874170806260587
20260827T043457543402Z,B01_patchtst,21,48.207831566516845,76.26200644536749,0.3678656802578105
20260827T043457543402Z,B01_patchtst,22,47.76862950646668,75.21150580613595,0.36487603865299034
20260827T043457543402Z,B01_patchtst,23,47.75037643653467,73.87431844661157,0.3536268429868017
20260827T043457543402Z,B01_patchtst,24,47.468491438068,72.21063570541858,0.3426385050574201
20260827T043457543402Z,C06_context_ensemble,1,8.420209590867437,75.40792956065759,0.8883378758716047
20260827T043457543402Z,C06_context_ensemble,2,14.92462508032354,74.25889523301069,0.7990190261585117
20260827T043457543402Z,C06_context_ensemble,3,20.46618949388525,73.73175068710107,0.7224236600492698
20260827T043457543402Z,C06_context_ensemble,4,26.34450489274495,72.76903870519097,0.6379709645543845
20260827T043457543402Z,C06_context_ensemble,5,30.026556700396167,71.8311824012206,0.5819843736849593
20260827T043457543402Z,C06_context_ensemble,6,32.283249653295535,71.74750530496222,0.5500435936263453
20260827T043457543402Z,C06_context_ensemble,7,35.056378623907364,72.13315658433255,0.514004650788821
20260827T043457543402Z,C06_context_ensemble,8,37.271778776965114,72.98146214379322,0.4892979986680779
20260827T043457543402Z,C06_context_ensemble,9,37.99762895657098,73.44464653052647,0.4826358250525765
20260827T043457543402Z,C06_context_ensemble,10,39.74965153253215,73.38466272498346,0.45833843126733387
20260827T043457543402Z,C06_context_ensemble,11,42.825886530104114,72.29489376241072,0.40762224963153393
20260827T043457543402Z,C06_context_ensemble,12,41.95668169958544,71.78026962888498,0.41548447900087404
20260827T043457543402Z,C06_context_ensemble,13,43.33329833139703,71.95015477127568,0.39773168703875006
20260827T043457543402Z,C06_context_ensemble,14,46.262979028491614,72.7711440703363,0.36426753186982275
20260827T043457543402Z,C06_context_ensemble,15,45.02166233690383,74.14212335220941,0.3927654037768774
20260827T043457543402Z,C06_context_ensemble,16,46.530189391263704,75.32475104655654,0.38227224458392917
20260827T043457543402Z,C06_context_ensemble,17,49.5589169390452,76.21281222775809,0.34972984869078305
20260827T043457543402Z,C06_context_ensemble,18,49.32044831041765,76.67292463242012,0.35674231096744724
20260827T043457543402Z,C06_context_ensemble,19,50.06498526865682,76.87074222671528,0.34871208709030155
20260827T043457543402Z,C06_context_ensemble,20,50.80003259362322,76.69896888622593,0.33766994092216274
20260827T043457543402Z,C06_context_ensemble,21,53.16516858773841,76.26200644536749,0.30286165987745384
20260827T043457543402Z,C06_context_ensemble,22,54.425559174230585,75.21150580613595,0.2763665799416768
20260827T043457543402Z,C06_context_ensemble,23,54.05699854518839,73.87431844661157,0.26825722819690045
20260827T043457543402Z,C06_context_ensemble,24,52.88549404947684,72.21063570541858,0.26762181868579804
20260827T043457543402Z,M07_xgb_cosine,1,8.431885280679133,75.40792956065759,0.8881830421574354
20260827T043457543402Z,M07_xgb_cosine,2,15.194096493107525,74.25889523301069,0.7953902162773732
20260827T043457543402Z,M07_xgb_cosine,3,20.888887983034177,73.73175068710107,0.7166907365094131
20260827T043457543402Z,M07_xgb_cosine,4,24.861540216086873,72.76903870519097,0.6583500255265379
20260827T043457543402Z,M07_xgb_cosine,5,29.7113037523664,71.8311824012206,0.5863731772308745
20260827T043457543402Z,M07_xgb_cosine,6,33.16310926079543,71.74750530496222,0.5377803155686613
20260827T043457543402Z,M07_xgb_cosine,7,35.774425507220656,72.13315658433255,0.5040501871646788
20260827T043457543402Z,M07_xgb_cosine,8,38.05348219797943,72.98146214379322,0.47858701264433734
20260827T043457543402Z,M07_xgb_cosine,9,38.01252045790529,73.44464653052647,0.4824330668933672
20260827T043457543402Z,M07_xgb_cosine,10,41.922360126319916,73.38466272498346,0.42873131019994937
20260827T043457543402Z,M07_xgb_cosine,11,42.71452853014221,72.29489376241072,0.40916257971802483
20260827T043457543402Z,M07_xgb_cosine,12,42.479674698027026,71.78026962888498,0.4081984517799464
20260827T043457543402Z,M07_xgb_cosine,13,42.92148361432596,71.95015477127568,0.40345529831353055
20260827T043457543402Z,M07_xgb_cosine,14,45.22355157210433,72.7711440703363,0.37855104313883114
20260827T043457543402Z,M07_xgb_cosine,15,45.69259631623676,74.14212335220941,0.38371610832919134
20260827T043457543402Z,M07_xgb_cosine,16,47.59727985866586,75.32475104655654,0.3681057129648255
20260827T043457543402Z,M07_xgb_cosine,17,48.618755435372314,76.21281222775809,0.3620658519977238
20260827T043457543402Z,M07_xgb_cosine,18,52.944201508431725,76.67292463242012,0.3094798227372564
20260827T043457543402Z,M07_xgb_cosine,19,54.8743836350888,76.87074222671528,0.2861473423367308
20260827T043457543402Z,M07_xgb_cosine,20,56.06221947544332,76.69896888622593,0.26906162769143405
20260827T043457543402Z,M07_xgb_cosine,21,54.353653809165266,76.26200644536749,0.2872774223675443
20260827T043457543402Z,M07_xgb_cosine,22,54.51185172765676,75.21150580613595,0.2752192481271988
20260827T043457543402Z,M07_xgb_cosine,23,54.14666326419029,73.87431844661157,0.2670434813781506
20260827T043457543402Z,M07_xgb_cosine,24,54.27354803436213,72.21063570541858,0.24839952585697123
20260827T043457543402Z,C04_xgb_context_event,1,8.547766866620254,75.40792956065759,0.8866463127097994
20260827T043457543402Z,C04_xgb_context_event,2,14.997979509774439,74.25889523301069,0.7980312060566812
20260827T043457543402Z,C04_xgb_context_event,3,21.565310046654893,73.73175068710107,0.7075166418037105
20260827T043457543402Z,C04_xgb_context_event,4,26.884494807579053,72.76903870519097,0.6305503647437731
20260827T043457543402Z,C04_xgb_context_event,5,30.295368648692694,71.8311824012206,0.5782420999354467
20260827T043457543402Z,C04_xgb_context_event,6,33.513248800101515,71.74750530496222,0.5329001523097743
20260827T043457543402Z,C04_xgb_context_event,7,36.07186763631587,72.13315658433255,0.4999266724984729
20260827T043457543402Z,C04_xgb_context_event,8,38.019827557548425,72.98146214379322,0.47904815221927066
20260827T043457543402Z,C04_xgb_context_event,9,37.9424159355234,73.44464653052647,0.4833875887774469
20260827T043457543402Z,C04_xgb_context_event,10,40.421825152595986,73.38466272498346,0.44917883857992347
20260827T043457543402Z,C04_xgb_context_event,11,42.678251418404315,72.29489376241072,0.40966437327286587
20260827T043457543402Z,C04_xgb_context_event,12,42.65622293086894,71.78026962888498,0.4057388868639228
20260827T043457543402Z,C04_xgb_context_event,13,44.16917956670815,71.95015477127568,0.3861141826988591
20260827T043457543402Z,C04_xgb_context_event,14,48.52112149855906,72.7711440703363,0.333236791609853
20260827T043457543402Z,C04_xgb_context_event,15,45.09077121471312,74.14212335220941,0.39183329022678404
20260827T043457543402Z,C04_xgb_context_event,16,45.8463520079259,75.32475104655654,0.39135076623632914
20260827T043457543402Z,C04_xgb_context_event,17,50.002989381757295,76.21281222775809,0.34390310605091023
20260827T043457543402Z,C04_xgb_context_event,18,52.682359281370566,76.67292463242012,0.31289487737768473
20260827T043457543402Z,C04_xgb_context_event,19,54.056947534006625,76.87074222671528,0.2967812464386491
20260827T043457543402Z,C04_xgb_context_event,20,56.2017993706906,76.69896888622593,0.267241787121552
20260827T043457543402Z,C04_xgb_context_event,21,55.5886503924244,76.26200644536749,0.27108329581851554
20260827T043457543402Z,C04_xgb_context_event,22,55.67580265780978,75.21150580613595,0.2597435450724933
20260827T043457543402Z,C04_xgb_context_event,23,56.75279960987243,73.87431844661157,0.23176550656251038
20260827T043457543402Z,C04_xgb_context_event,24,55.870698996349496,72.21063570541858,0.22628157956852002
20260827T043457543402Z,A02_xgb_matched_event_placebo,1,8.506679779371522,75.40792956065759,0.8871911769898309
20260827T043457543402Z,A02_xgb_matched_event_placebo,2,15.057645187577288,74.25889523301069,0.7972277241624834
20260827T043457543402Z,A02_xgb_matched_event_placebo,3,21.266669940829146,73.73175068710107,0.7115670014254847
20260827T043457543402Z,A02_xgb_matched_event_placebo,4,27.516126701422454,72.76903870519097,0.6218704109463576
20260827T043457543402Z,A02_xgb_matched_event_placebo,5,29.565900593755437,71.8311824012206,0.5883974117450552
20260827T043457543402Z,A02_xgb_matched_event_placebo,6,33.44832428219414,71.74750530496222,0.5338050551023021
20260827T043457543402Z,A02_xgb_matched_event_placebo,7,37.321538997765316,72.13315658433255,0.4826021657026497
20260827T043457543402Z,A02_xgb_matched_event_placebo,8,37.65965478782459,72.98146214379322,0.4839832790191996
20260827T043457543402Z,A02_xgb_matched_event_placebo,9,37.882558475630674,73.44464653052647,0.48420258977098896
20260827T043457543402Z,A02_xgb_matched_event_placebo,10,40.263417651652944,73.38466272498346,0.4513374299675639
20260827T043457543402Z,A02_xgb_matched_event_placebo,11,43.14645756975129,72.29489376241072,0.4031880354987807
20260827T043457543402Z,A02_xgb_matched_event_placebo,12,43.42513017877229,71.78026962888498,0.39502692866317046
20260827T043457543402Z,A02_xgb_matched_event_placebo,13,44.88166548782466,71.95015477127568,0.3762116894605686
20260827T043457543402Z,A02_xgb_matched_event_placebo,14,50.17916089157778,72.7711440703363,0.3104524941496377
20260827T043457543402Z,A02_xgb_matched_event_placebo,15,45.79352860981714,74.14212335220941,0.3823547729773441
20260827T043457543402Z,A02_xgb_matched_event_placebo,16,47.56062928140014,75.32475104655654,0.3685922804842199
20260827T043457543402Z,A02_xgb_matched_event_placebo,17,48.521241321891125,76.21281222775809,0.3633453496390098
20260827T043457543402Z,A02_xgb_matched_event_placebo,18,52.52354574809404,76.67292463242012,0.31496618917435737
20260827T043457543402Z,A02_xgb_matched_event_placebo,19,55.702352473966954,76.87074222671528,0.2753764194225715
20260827T043457543402Z,A02_xgb_matched_event_placebo,20,57.237667285704305,76.69896888622593,0.253736156862685
20260827T043457543402Z,A02_xgb_matched_event_placebo,21,55.11099224402981,76.26200644536749,0.27734667873562735
20260827T043457543402Z,A02_xgb_matched_event_placebo,22,58.16696290675342,75.21150580613595,0.22662148186896147
20260827T043457543402Z,A02_xgb_matched_event_placebo,23,62.25388780587385,73.87431844661157,0.15730000472540018
20260827T043457543402Z,A02_xgb_matched_event_placebo,24,53.63347682568697,72.21063570541858,0.2572634723161371
20260827T043457543402Z,M08_event_timeraf_no_drift,1,8.453298573820234,75.40792956065759,0.8878990760909241
20260827T043457543402Z,M08_event_timeraf_no_drift,2,15.021655909068775,74.25889523301069,0.7977123701890043
20260827T043457543402Z,M08_event_timeraf_no_drift,3,19.95956095916885,73.73175068710107,0.7292948997797137
20260827T043457543402Z,M08_event_timeraf_no_drift,4,25.023387571530293,72.76903870519097,0.6561259016639276
20260827T043457543402Z,M08_event_timeraf_no_drift,5,28.085013424360145,71.8311824012206,0.6090136277099218
20260827T043457543402Z,M08_event_timeraf_no_drift,6,32.88410321006331,71.74750530496222,0.5416690368495785
20260827T043457543402Z,M08_event_timeraf_no_drift,7,36.584295923225014,72.13315658433255,0.49282275092933914
20260827T043457543402Z,M08_event_timeraf_no_drift,8,37.5456956765483,72.98146214379322,0.4855447592626587
20260827T043457543402Z,M08_event_timeraf_no_drift,9,38.175335145990466,73.44464653052647,0.48021623155169924
20260827T043457543402Z,M08_event_timeraf_no_drift,10,41.06406541445953,73.38466272498346,0.44042714254405824
20260827T043457543402Z,M08_event_timeraf_no_drift,11,42.221644503615856,72.29489376241072,0.4159802676746067
20260827T043457543402Z,M08_event_timeraf_no_drift,12,42.174379201930165,71.78026962888498,0.4124516469500855
20260827T043457543402Z,M08_event_timeraf_no_drift,13,41.96277066682539,71.95015477127568,0.4167799805264909
20260827T043457543402Z,M08_event_timeraf_no_drift,14,46.95850421616029,72.7711440703363,0.35470982604350754
20260827T043457543402Z,M08_event_timeraf_no_drift,15,46.03142217191323,74.14212335220941,0.3791461575325721
20260827T043457543402Z,M08_event_timeraf_no_drift,16,49.735890363216726,75.32475104655654,0.33971384342875444
20260827T043457543402Z,M08_event_timeraf_no_drift,17,51.4802512569385,76.21281222775809,0.32451972638022586
20260827T043457543402Z,M08_event_timeraf_no_drift,18,54.64421797264417,76.67292463242012,0.28730750477283096
20260827T043457543402Z,M08_event_timeraf_no_drift,19,56.137588334243205,76.87074222671528,0.2697145011469211
20260827T043457543402Z,M08_event_timeraf_no_drift,20,55.581544325701344,76.69896888622593,0.275328663046955
20260827T043457543402Z,M08_event_timeraf_no_drift,21,54.048740361288,76.26200644536749,0.29127565768929264
20260827T043457543402Z,M08_event_timeraf_no_drift,22,54.912344139475586,75.21150580613595,0.2698943658831028
20260827T043457543402Z,M08_event_timeraf_no_drift,23,53.52664075837788,73.87431844661157,0.27543641844816213
20260827T043457543402Z,M08_event_timeraf_no_drift,24,53.831579747922426,72.21063570541858,0.2545200686568255
20260827T043457543402Z,A01_xgb_random_retrieval,1,8.199665117316307,75.40792956065759,0.8912625613103387
20260827T043457543402Z,A01_xgb_random_retrieval,2,14.646395286562528,74.25889523301069,0.8027657799028003
20260827T043457543402Z,A01_xgb_random_retrieval,3,21.52857233082217,73.73175068710107,0.7080149036175203
20260827T043457543402Z,A01_xgb_random_retrieval,4,25.8641794098207,72.76903870519097,0.644571649288866
20260827T043457543402Z,A01_xgb_random_retrieval,5,29.826168458070388,71.8311824012206,0.5847740847216853
20260827T043457543402Z,A01_xgb_random_retrieval,6,34.12648482240413,71.74750530496222,0.524353011615529
20260827T043457543402Z,A01_xgb_random_retrieval,7,35.31597420820425,72.13315658433255,0.5104058122437006
20260827T043457543402Z,A01_xgb_random_retrieval,8,37.178235813928026,72.98146214379322,0.49057973460881277
20260827T043457543402Z,A01_xgb_random_retrieval,9,38.68487855397628,73.44464653052647,0.4732784432709152
20260827T043457543402Z,A01_xgb_random_retrieval,10,41.37556495959977,73.38466272498346,0.43618239257078906
20260827T043457543402Z,A01_xgb_random_retrieval,11,43.7542130414087,72.29489376241072,0.394781418654516
20260827T043457543402Z,A01_xgb_random_retrieval,12,43.69007908804222,71.78026962888498,0.39133581813043283
20260827T043457543402Z,A01_xgb_random_retrieval,13,43.69319424714778,71.95015477127568,0.39272966978256996
20260827T043457543402Z,A01_xgb_random_retrieval,14,49.606580838082266,72.7711440703363,0.31832072352558505
20260827T043457543402Z,A01_xgb_random_retrieval,15,45.37832924202613,74.14212335220941,0.38795481987401326
20260827T043457543402Z,A01_xgb_random_retrieval,16,47.7165863906876,75.32475104655654,0.366521817494026
20260827T043457543402Z,A01_xgb_random_retrieval,17,51.2716709237448,76.21281222775809,0.32725654092750134
20260827T043457543402Z,A01_xgb_random_retrieval,18,51.43558408719575,76.67292463242012,0.3291558352080012
20260827T043457543402Z,A01_xgb_random_retrieval,19,56.45413306927785,76.87074222671528,0.26559661798532685
20260827T043457543402Z,A01_xgb_random_retrieval,20,57.8317441429775,76.69896888622593,0.24599059175405313
20260827T043457543402Z,A01_xgb_random_retrieval,21,56.66361387860946,76.26200644536749,0.2569876335577128
20260827T043457543402Z,A01_xgb_random_retrieval,22,58.556778044136685,75.21150580613595,0.22143856293647723
20260827T043457543402Z,A01_xgb_random_retrieval,23,60.01545351529605,73.87431844661157,0.18760057923689977
20260827T043457543402Z,A01_xgb_random_retrieval,24,54.12343392081171,72.21063570541858,0.25047836247271305
20260827T043457543402Z,M09_event_timeraf_full,1,8.27797954843066,75.40792956065759,0.8902240175978853
20260827T043457543402Z,M09_event_timeraf_full,2,14.909483404641758,74.25889523301069,0.7992229300226114
20260827T043457543402Z,M09_event_timeraf_full,3,20.61506410315075,73.73175068710107,0.7204045216471819
20260827T043457543402Z,M09_event_timeraf_full,4,24.52844168761872,72.76903870519097,0.6629275015300018
20260827T043457543402Z,M09_event_timeraf_full,5,28.69420397930018,71.8311824012206,0.6005327627905985
20260827T043457543402Z,M09_event_timeraf_full,6,32.12142226021728,71.74750530496222,0.5522991060987358
20260827T043457543402Z,M09_event_timeraf_full,7,34.86750755537005,72.13315658433255,0.5166230176741866
20260827T043457543402Z,M09_event_timeraf_full,8,38.910338328111415,72.98146214379322,0.4668462759563857
20260827T043457543402Z,M09_event_timeraf_full,9,38.829991830053736,73.44464653052647,0.47130262497873865
20260827T043457543402Z,M09_event_timeraf_full,10,41.61481926652993,73.38466272498346,0.43292211585838136
20260827T043457543402Z,M09_event_timeraf_full,11,43.26817510601397,72.29489376241072,0.40150440986592906
20260827T043457543402Z,M09_event_timeraf_full,12,41.64595710698446,71.78026962888498,0.4198133091126509
20260827T043457543402Z,M09_event_timeraf_full,13,43.041937063449154,71.95015477127568,0.4017811747552684
20260827T043457543402Z,M09_event_timeraf_full,14,48.01313851674611,72.7711440703363,0.34021734672276915
20260827T043457543402Z,M09_event_timeraf_full,15,45.759844716543675,74.14212335220941,0.3828090881729509
20260827T043457543402Z,M09_event_timeraf_full,16,49.40366874198918,75.32475104655654,0.34412436741471764
20260827T043457543402Z,M09_event_timeraf_full,17,53.26503806046161,76.21281222775809,0.3011012649515967
20260827T043457543402Z,M09_event_timeraf_full,18,53.8400572128754,76.67292463242012,0.2977957020553008
20260827T043457543402Z,M09_event_timeraf_full,19,54.63061267134283,76.87074222671528,0.2893185223811098
20260827T043457543402Z,M09_event_timeraf_full,20,54.48960389162897,76.69896888622593,0.28956536596394133
20260827T043457543402Z,M09_event_timeraf_full,21,56.64903775306026,76.26200644536749,0.25717876576401844
20260827T043457543402Z,M09_event_timeraf_full,22,54.66169201307872,75.21150580613595,0.27322699596024735
20260827T043457543402Z,M09_event_timeraf_full,23,52.1279913534553,73.87431844661157,0.29436924157712774
20260827T043457543402Z,M09_event_timeraf_full,24,54.45790081799285,72.21063570541858,0.24584653928055078
20260827T043457543402Z,M13_trace_raf,1,8.45321260600713,75.40792956065759,0.8879002161277028
20260827T043457543402Z,M13_trace_raf,2,14.936076374409,74.25889523301069,0.7988648184497985
20260827T043457543402Z,M13_trace_raf,3,20.451603852119245,73.73175068710107,0.722621480413361
20260827T043457543402Z,M13_trace_raf,4,26.35156418707905,72.76903870519097,0.6378739549681689
20260827T043457543402Z,M13_trace_raf,5,29.963910827560266,71.8311824012206,0.5828565001172652
20260827T043457543402Z,M13_trace_raf,6,32.2232612464533,71.74750530496222,0.550879698053771
20260827T043457543402Z,M13_trace_raf,7,34.997706469162225,72.13315658433255,0.5148180375519046
20260827T043457543402Z,M13_trace_raf,8,37.316075124535466,72.98146214379322,0.4886910452545784
20260827T043457543402Z,M13_trace_raf,9,37.931387284550546,73.44464653052647,0.4835377515393886
20260827T043457543402Z,M13_trace_raf,10,39.49329114458177,73.38466272498346,0.46183180956234793
20260827T043457543402Z,M13_trace_raf,11,42.62545103551076,72.29489376241072,0.41039472060648363
20260827T043457543402Z,M13_trace_raf,12,41.93630941532182,71.78026962888498,0.41576829354167955
20260827T043457543402Z,M13_trace_raf,13,43.172736093769856,71.95015477127568,0.3999632630254535
20260827T043457543402Z,M13_trace_raf,14,46.09446178664036,72.7711440703363,0.3665832470341793
20260827T043457543402Z,M13_trace_raf,15,44.91940418672327,74.14212335220941,0.3941446217646708
20260827T043457543402Z,M13_trace_raf,16,46.483742731800746,75.32475104655654,0.38288886340865325
20260827T043457543402Z,M13_trace_raf,17,49.35102927215807,76.21281222775809,0.3524575746571975
20260827T043457543402Z,M13_trace_raf,18,49.38654885854866,76.67292463242012,0.35588020027520617
20260827T043457543402Z,M13_trace_raf,19,50.159998705455926,76.87074222671528,0.34747607148739657
20260827T043457543402Z,M13_trace_raf,20,50.96079321235007,76.69896888622593,0.3355739463988815
20260827T043457543402Z,M13_trace_raf,21,53.424521994312094,76.26200644536749,0.29946083922425637
20260827T043457543402Z,M13_trace_raf,22,54.36024411072258,75.21150580613595,0.27723499844770116
20260827T043457543402Z,M13_trace_raf,23,53.87780276897511,73.87431844661157,0.2706829125210515
20260827T043457543402Z,M13_trace_raf,24,52.62048091630356,72.21063570541858,0.27129182007249664
20260827T043457543402Z,A04_trace_raw_analogue_fusion,1,8.420209590867437,75.40792956065759,0.8883378758716047
20260827T043457543402Z,A04_trace_raw_analogue_fusion,2,14.92462508032354,74.25889523301069,0.7990190261585117
20260827T043457543402Z,A04_trace_raw_analogue_fusion,3,20.46618949388525,73.73175068710107,0.7224236600492698
20260827T043457543402Z,A04_trace_raw_analogue_fusion,4,26.34450489274495,72.76903870519097,0.6379709645543845
20260827T043457543402Z,A04_trace_raw_analogue_fusion,5,30.026556700396167,71.8311824012206,0.5819843736849593
20260827T043457543402Z,A04_trace_raw_analogue_fusion,6,32.283249653295535,71.74750530496222,0.5500435936263453
20260827T043457543402Z,A04_trace_raw_analogue_fusion,7,35.056378623907364,72.13315658433255,0.514004650788821
20260827T043457543402Z,A04_trace_raw_analogue_fusion,8,37.271778776965114,72.98146214379322,0.4892979986680779
20260827T043457543402Z,A04_trace_raw_analogue_fusion,9,37.99762895657098,73.44464653052647,0.4826358250525765
20260827T043457543402Z,A04_trace_raw_analogue_fusion,10,39.74965153253215,73.38466272498346,0.45833843126733387
20260827T043457543402Z,A04_trace_raw_analogue_fusion,11,42.825886530104114,72.29489376241072,0.40762224963153393
20260827T043457543402Z,A04_trace_raw_analogue_fusion,12,41.95668169958544,71.78026962888498,0.41548447900087404
20260827T043457543402Z,A04_trace_raw_analogue_fusion,13,43.33329833139703,71.95015477127568,0.39773168703875006
20260827T043457543402Z,A04_trace_raw_analogue_fusion,14,46.262979028491614,72.7711440703363,0.36426753186982275
20260827T043457543402Z,A04_trace_raw_analogue_fusion,15,45.02166233690383,74.14212335220941,0.3927654037768774
20260827T043457543402Z,A04_trace_raw_analogue_fusion,16,46.530189391263704,75.32475104655654,0.38227224458392917
20260827T043457543402Z,A04_trace_raw_analogue_fusion,17,49.5589169390452,76.21281222775809,0.34972984869078305
20260827T043457543402Z,A04_trace_raw_analogue_fusion,18,49.32044831041765,76.67292463242012,0.35674231096744724
20260827T043457543402Z,A04_trace_raw_analogue_fusion,19,50.06498526865682,76.87074222671528,0.34871208709030155
20260827T043457543402Z,A04_trace_raw_analogue_fusion,20,50.80003259362322,76.69896888622593,0.33766994092216274
20260827T043457543402Z,A04_trace_raw_analogue_fusion,21,53.16516858773841,76.26200644536749,0.30286165987745384
20260827T043457543402Z,A04_trace_raw_analogue_fusion,22,54.425559174230585,75.21150580613595,0.2763665799416768
20260827T043457543402Z,A04_trace_raw_analogue_fusion,23,54.05699854518839,73.87431844661157,0.26825722819690045
20260827T043457543402Z,A04_trace_raw_analogue_fusion,24,52.88549404947684,72.21063570541858,0.26762181868579804
20260827T043457543402Z,A05_trace_residual_ungated,1,10.076533184914505,75.40792956065759,0.866373029419817
20260827T043457543402Z,A05_trace_residual_ungated,2,17.02325534910615,74.25889523301069,0.7707580311329664
20260827T043457543402Z,A05_trace_residual_ungated,3,22.885224094719412,73.73175068710107,0.6896150724558471
20260827T043457543402Z,A05_trace_residual_ungated,4,28.93475161900306,72.76903870519097,0.6023755139019171
20260827T043457543402Z,A05_trace_residual_ungated,5,32.92214966377306,71.8311824012206,0.5416732877946664
20260827T043457543402Z,A05_trace_residual_ungated,6,34.8495064164547,71.74750530496222,0.514275705220312
20260827T043457543402Z,A05_trace_residual_ungated,7,38.20398514991512,72.13315658433255,0.4703685938761053
20260827T043457543402Z,A05_trace_residual_ungated,8,45.93520384109701,72.98146214379322,0.3705907981044251
20260827T043457543402Z,A05_trace_residual_ungated,9,47.605996585329535,73.44464653052647,0.3518112097449796
20260827T043457543402Z,A05_trace_residual_ungated,10,47.56270943028833,73.38466272498346,0.35187125396304597
20260827T043457543402Z,A05_trace_residual_ungated,11,50.53035832446027,72.29489376241072,0.3010521809393236
20260827T043457543402Z,A05_trace_residual_ungated,12,48.16570442152967,71.78026962888498,0.3289840694308651
20260827T043457543402Z,A05_trace_residual_ungated,13,47.13735228905419,71.95015477127568,0.344861002191025
20260827T043457543402Z,A05_trace_residual_ungated,14,50.08273192604538,72.7711440703363,0.31177759308499586
20260827T043457543402Z,A05_trace_residual_ungated,15,47.80381678293793,74.14212335220941,0.3552407913130884
20260827T043457543402Z,A05_trace_residual_ungated,16,51.23030399042525,75.32475104655654,0.31987423418418015
20260827T043457543402Z,A05_trace_residual_ungated,17,52.72064550503143,76.21281222775809,0.3082443231791726
20260827T043457543402Z,A05_trace_residual_ungated,18,55.118575361584696,76.67292463242012,0.2811207394809804
20260827T043457543402Z,A05_trace_residual_ungated,19,55.4589421148252,76.87074222671528,0.2785429084155341
20260827T043457543402Z,A05_trace_residual_ungated,20,57.20435225143178,76.69896888622593,0.25417051777726196
20260827T043457543402Z,A05_trace_residual_ungated,21,62.585903298957234,76.26200644536749,0.17933049212660734
20260827T043457543402Z,A05_trace_residual_ungated,22,59.982601901645026,75.21150580613595,0.20248103985239596
20260827T043457543402Z,A05_trace_residual_ungated,23,58.87793390709443,73.87431844661157,0.20299861785330597
20260827T043457543402Z,A05_trace_residual_ungated,24,56.116348712280654,72.21063570541858,0.2228797300551979
20260827T043457543402Z,A06_trace_residual_constant,1,8.420209590867437,75.40792956065759,0.8883378758716047
20260827T043457543402Z,A06_trace_residual_constant,2,14.92462508032354,74.25889523301069,0.7990190261585117
20260827T043457543402Z,A06_trace_residual_constant,3,20.46618949388525,73.73175068710107,0.7224236600492698
20260827T043457543402Z,A06_trace_residual_constant,4,26.34450489274495,72.76903870519097,0.6379709645543845
20260827T043457543402Z,A06_trace_residual_constant,5,30.026556700396167,71.8311824012206,0.5819843736849593
20260827T043457543402Z,A06_trace_residual_constant,6,32.283249653295535,71.74750530496222,0.5500435936263453
20260827T043457543402Z,A06_trace_residual_constant,7,35.056378623907364,72.13315658433255,0.514004650788821
20260827T043457543402Z,A06_trace_residual_constant,8,37.271778776965114,72.98146214379322,0.4892979986680779
20260827T043457543402Z,A06_trace_residual_constant,9,37.99762895657098,73.44464653052647,0.4826358250525765
20260827T043457543402Z,A06_trace_residual_constant,10,39.74965153253215,73.38466272498346,0.45833843126733387
20260827T043457543402Z,A06_trace_residual_constant,11,42.825886530104114,72.29489376241072,0.40762224963153393
20260827T043457543402Z,A06_trace_residual_constant,12,41.95668169958544,71.78026962888498,0.41548447900087404
20260827T043457543402Z,A06_trace_residual_constant,13,43.33329833139703,71.95015477127568,0.39773168703875006
20260827T043457543402Z,A06_trace_residual_constant,14,46.262979028491614,72.7711440703363,0.36426753186982275
20260827T043457543402Z,A06_trace_residual_constant,15,45.02166233690383,74.14212335220941,0.3927654037768774
20260827T043457543402Z,A06_trace_residual_constant,16,46.530189391263704,75.32475104655654,0.38227224458392917
20260827T043457543402Z,A06_trace_residual_constant,17,49.5589169390452,76.21281222775809,0.34972984869078305
20260827T043457543402Z,A06_trace_residual_constant,18,49.32044831041765,76.67292463242012,0.35674231096744724
20260827T043457543402Z,A06_trace_residual_constant,19,50.06498526865682,76.87074222671528,0.34871208709030155
20260827T043457543402Z,A06_trace_residual_constant,20,50.80003259362322,76.69896888622593,0.33766994092216274
20260827T043457543402Z,A06_trace_residual_constant,21,53.16516858773841,76.26200644536749,0.30286165987745384
20260827T043457543402Z,A06_trace_residual_constant,22,54.425559174230585,75.21150580613595,0.2763665799416768
20260827T043457543402Z,A06_trace_residual_constant,23,54.05699854518839,73.87431844661157,0.26825722819690045
20260827T043457543402Z,A06_trace_residual_constant,24,52.88549404947684,72.21063570541858,0.26762181868579804
20260827T043457543402Z,A03_trace_raf_no_event,1,8.454442966917043,75.40792956065759,0.8878839000596569
20260827T043457543402Z,A03_trace_raf_no_event,2,14.939922027278385,74.25889523301069,0.7988130313493128
20260827T043457543402Z,A03_trace_raf_no_event,3,20.457962169988182,73.73175068710107,0.7225352445948746
20260827T043457543402Z,A03_trace_raf_no_event,4,26.354776419944965,72.76903870519097,0.6378298121167162
20260827T043457543402Z,A03_trace_raf_no_event,5,29.967131973365458,71.8311824012206,0.582811656837543
20260827T043457543402Z,A03_trace_raf_no_event,6,32.21685504243186,71.74750530496222,0.5509689862317252
20260827T043457543402Z,A03_trace_raf_no_event,7,34.99834930124001,72.13315658433255,0.5148091258099509
20260827T043457543402Z,A03_trace_raf_no_event,8,37.3083082601384,72.98146214379322,0.4887974676825336
20260827T043457543402Z,A03_trace_raf_no_event,9,37.93356919433942,73.44464653052647,0.48350804331840924
20260827T043457543402Z,A03_trace_raf_no_event,10,39.500320255465134,73.38466272498346,0.46173602509428124
20260827T043457543402Z,A03_trace_raf_no_event,11,42.62582702153545,72.29489376241072,0.41038951987922445
20260827T043457543402Z,A03_trace_raf_no_event,12,41.9297192819214,71.78026962888498,0.41586010335842305
20260827T043457543402Z,A03_trace_raf_no_event,13,43.1705168747571,71.95015477127568,0.39999410686477266
20260827T043457543402Z,A03_trace_raf_no_event,14,46.09758744435136,72.7711440703363,0.3665402951505593
20260827T043457543402Z,A03_trace_raf_no_event,15,44.91286877863094,74.14212335220941,0.394232768796302
20260827T043457543402Z,A03_trace_raf_no_event,16,46.48662692468626,75.32475104655654,0.3828505733002169
20260827T043457543402Z,A03_trace_raf_no_event,17,49.36012149194218,76.21281222775809,0.3523382742466977
20260827T043457543402Z,A03_trace_raf_no_event,18,49.38329206910399,76.67292463242012,0.35592267667036503
20260827T043457543402Z,A03_trace_raf_no_event,19,50.168344864970045,76.87074222671528,0.34736749754531726
20260827T043457543402Z,A03_trace_raf_no_event,20,50.95709980673233,76.69896888622593,0.3356221009656426
20260827T043457543402Z,A03_trace_raf_no_event,21,53.41613220478942,76.26200644536749,0.29957085192800925
20260827T043457543402Z,A03_trace_raf_no_event,22,54.361528599146546,75.21150580613595,0.2772179200976509
20260827T043457543402Z,A03_trace_raf_no_event,23,53.87354470352427,73.87431844661157,0.27074055184064694
20260827T043457543402Z,A03_trace_raf_no_event,24,52.61893422516511,72.21063570541858,0.27131323923219997
20260827T043457543402Z,A00_full_without_events,1,7.829456810154487,75.40792956065759,0.8961719695028023
20260827T043457543402Z,A00_full_without_events,2,14.592996304886526,74.25889523301069,0.8034848719591585
20260827T043457543402Z,A00_full_without_events,3,19.958460965489216,73.73175068710107,0.729309818639898
20260827T043457543402Z,A00_full_without_events,4,23.51443226275389,72.76903870519097,0.6768621287135885
20260827T043457543402Z,A00_full_without_events,5,29.373388312445847,71.8311824012206,0.5910774773499103
20260827T043457543402Z,A00_full_without_events,6,32.51659752697253,71.74750530496222,0.5467912453713759
20260827T043457543402Z,A00_full_without_events,7,36.6044207210898,72.13315658433255,0.49254375582060217
20260827T043457543402Z,A00_full_without_events,8,37.42625603882683,72.98146214379322,0.48718133428065635
20260827T043457543402Z,A00_full_without_events,9,38.33918405562665,73.44464653052647,0.47798531456351434
20260827T043457543402Z,A00_full_without_events,10,39.88715731868339,73.38466272498346,0.4564646639017119
20260827T043457543402Z,A00_full_without_events,11,42.66182130502806,72.29489376241072,0.40989163847129395
20260827T043457543402Z,A00_full_without_events,12,41.640073040657896,71.78026962888498,0.41989528242310226
20260827T043457543402Z,A00_full_without_events,13,41.34938970068802,71.95015477127568,0.4253050624820095
20260827T043457543402Z,A00_full_without_events,14,45.99270970131462,72.7711440703363,0.36798149474109176
20260827T043457543402Z,A00_full_without_events,15,46.13137614984885,74.14212335220941,0.37779801732001317
20260827T043457543402Z,A00_full_without_events,16,49.76361492851676,75.32475104655654,0.33934577629391727
20260827T043457543402Z,A00_full_without_events,17,51.58593519056507,76.21281222775809,0.3231330312755927
20260827T043457543402Z,A00_full_without_events,18,54.933929061029524,76.67292463242012,0.28352897291462587
20260827T043457543402Z,A00_full_without_events,19,55.26052193932928,76.87074222671528,0.28112412683164767
20260827T043457543402Z,A00_full_without_events,20,53.71154260902539,76.69896888622593,0.29970971723622164
20260827T043457543402Z,A00_full_without_events,21,54.399706630425904,76.26200644536749,0.28667354602849693
20260827T043457543402Z,A00_full_without_events,22,55.13119228941843,75.21150580613595,0.26698459632594296
20260827T043457543402Z,A00_full_without_events,23,54.39363491534457,73.87431844661157,0.2637003486583168
20260827T043457543402Z,A00_full_without_events,24,53.380595729470606,72.21063570541858,0.26076546469919804
20260827T043457543402Z,M10_frozen_chronos,1,7.9636487893088255,75.40792956065759,0.8943924221801777
20260827T043457543402Z,M10_frozen_chronos,2,15.133561826139136,74.25889523301069,0.7962054003274246
20260827T043457543402Z,M10_frozen_chronos,3,22.295049480968668,73.73175068710107,0.69761942076239
20260827T043457543402Z,M10_frozen_chronos,4,27.96958240226351,72.76903870519097,0.6156389736632826
20260827T043457543402Z,M10_frozen_chronos,5,33.12624694115178,71.8311824012206,0.5388319413131522
20260827T043457543402Z,M10_frozen_chronos,6,39.24372902630677,71.74750530496222,0.45303005505903515
20260827T043457543402Z,M10_frozen_chronos,7,44.069077519549275,72.13315658433255,0.3890593507019606
20260827T043457543402Z,M10_frozen_chronos,8,48.02640244355848,72.98146214379322,0.3419369654593454
20260827T043457543402Z,M10_frozen_chronos,9,51.24139036686987,73.44464653052647,0.30231279218462925
20260827T043457543402Z,M10_frozen_chronos,10,53.53082355458186,73.38466272498346,0.2705448036847413
20260827T043457543402Z,M10_frozen_chronos,11,54.76237516408606,72.29489376241072,0.24251392713769482
20260827T043457543402Z,M10_frozen_chronos,12,55.86835474265075,71.78026962888498,0.22167532900755704
20260827T043457543402Z,M10_frozen_chronos,13,56.37298657744909,71.95015477127568,0.21649943969328866
20260827T043457543402Z,M10_frozen_chronos,14,57.61894366359526,72.7711440703363,0.2082171525583797
20260827T043457543402Z,M10_frozen_chronos,15,58.4809625250479,74.14212335220941,0.2112316200166503
20260827T043457543402Z,M10_frozen_chronos,16,59.026006360550845,75.32475104655654,0.2163796688280033
20260827T043457543402Z,M10_frozen_chronos,17,58.69071119615376,76.21281222775809,0.22991017546026815
20260827T043457543402Z,M10_frozen_chronos,18,58.36643362821428,76.67292463242012,0.23876082844067203
20260827T043457543402Z,M10_frozen_chronos,19,57.813682587278976,76.87074222671528,0.24791044144248298
20260827T043457543402Z,M10_frozen_chronos,20,57.09419048261899,76.69896888622593,0.25560680525820845
20260827T043457543402Z,M10_frozen_chronos,21,56.647413172959574,76.26200644536749,0.25720006837820875
20260827T043457543402Z,M10_frozen_chronos,22,55.966771615277956,75.21150580613595,0.25587486893910794
20260827T043457543402Z,M10_frozen_chronos,23,55.60814516436161,73.87431844661157,0.24726012593200153
20260827T043457543402Z,M10_frozen_chronos,24,55.90141824074797,72.21063570541858,0.22585616793630847
20260827T043457543402Z,M11_chronos_event_retrieval,1,22.800807887373495,75.40792956065759,0.6976338162284021
20260827T043457543402Z,M11_chronos_event_retrieval,2,27.31667341373493,74.25889523301069,0.632142744272989
20260827T043457543402Z,M11_chronos_event_retrieval,3,31.76289923235445,73.73175068710107,0.5692100223260916
20260827T043457543402Z,M11_chronos_event_retrieval,4,33.816946377705015,72.76903870519097,0.5352838655089628
20260827T043457543402Z,M11_chronos_event_retrieval,5,36.67219085512171,71.8311824012206,0.4894669747981406
20260827T043457543402Z,M11_chronos_event_retrieval,6,41.47469345134918,71.74750530496222,0.421935393083546
20260827T043457543402Z,M11_chronos_event_retrieval,7,45.02525396979062,72.13315658433255,0.37580363730304045
20260827T043457543402Z,M11_chronos_event_retrieval,8,48.19582488558304,72.98146214379322,0.3396155205739201
20260827T043457543402Z,M11_chronos_event_retrieval,9,51.24316165400954,73.44464653052647,0.3022886748769241
20260827T043457543402Z,M11_chronos_event_retrieval,10,51.17071983184557,73.38466272498346,0.3027055254908906
20260827T043457543402Z,M11_chronos_event_retrieval,11,51.14193086261756,72.29489376241072,0.29259276553210056
20260827T043457543402Z,M11_chronos_event_retrieval,12,53.084207790797706,71.78026962888498,0.26046240749371363
20260827T043457543402Z,M11_chronos_event_retrieval,13,53.14348848848355,71.95015477127568,0.2613846536199561
20260827T043457543402Z,M11_chronos_event_retrieval,14,53.61064606086017,72.7711440703363,0.2632980181121891
20260827T043457543402Z,M11_chronos_event_retrieval,15,55.271914013297504,74.14212335220941,0.2545140128947977
20260827T043457543402Z,M11_chronos_event_retrieval,16,55.549738957895684,75.32475104655654,0.26253006898673137
20260827T043457543402Z,M11_chronos_event_retrieval,17,56.631958906266945,76.21281222775809,0.25692338006075366
20260827T043457543402Z,M11_chronos_event_retrieval,18,57.82959177145313,76.67292463242012,0.24576254200950798
20260827T043457543402Z,M11_chronos_event_retrieval,19,56.80873917907419,76.87074222671528,0.26098360008639077
20260827T043457543402Z,M11_chronos_event_retrieval,20,57.63414836514251,76.69896888622593,0.24856684252644756
20260827T043457543402Z,M11_chronos_event_retrieval,21,59.398697047870996,76.26200644536749,0.2211233376029389
20260827T043457543402Z,M11_chronos_event_retrieval,22,57.11365216065129,75.21150580613595,0.2406261309557265
20260827T043457543402Z,M11_chronos_event_retrieval,23,55.37803036803914,73.87431844661157,0.25037507577060847
20260827T043457543402Z,M11_chronos_event_retrieval,24,54.54629791230624,72.21063570541858,0.24462238312336082
20260827T043457543402Z,P00_chronos_climatology_fusion,1,23.907786496945857,75.40792956065759,0.6829539461401788
20260827T043457543402Z,P00_chronos_climatology_fusion,2,28.1133818237449,74.25889523301069,0.6214139499984439
20260827T043457543402Z,P00_chronos_climatology_fusion,3,32.489419377621786,73.73175068710107,0.5593564634658048
20260827T043457543402Z,P00_chronos_climatology_fusion,4,35.790202658809875,72.76903870519097,0.5081671642825099
20260827T043457543402Z,P00_chronos_climatology_fusion,5,38.72091763075314,71.8311824012206,0.4609455624094645
20260827T043457543402Z,P00_chronos_climatology_fusion,6,42.20640435233396,71.74750530496222,0.411736977154314
20260827T043457543402Z,P00_chronos_climatology_fusion,7,45.23758074645816,72.13315658433255,0.3728600980664163
20260827T043457543402Z,P00_chronos_climatology_fusion,8,47.97641762434687,72.98146214379322,0.3426218629352704
20260827T043457543402Z,P00_chronos_climatology_fusion,9,49.97901678628998,73.44464653052647,0.3195008874402201
20260827T043457543402Z,P00_chronos_climatology_fusion,10,51.203413463479734,73.38466272498346,0.3022600150746788
20260827T043457543402Z,P00_chronos_climatology_fusion,11,51.46563682486327,72.29489376241072,0.2881151884115154
20260827T043457543402Z,P00_chronos_climatology_fusion,12,51.913369003158984,71.78026962888498,0.2767738367164253
20260827T043457543402Z,P00_chronos_climatology_fusion,13,52.39541183480627,71.95015477127568,0.2717818050375641
20260827T043457543402Z,P00_chronos_climatology_fusion,14,53.47269219716607,72.7711440703363,0.26519374017972686
20260827T043457543402Z,P00_chronos_climatology_fusion,15,54.682085116114074,74.14212335220941,0.2624693946739446
20260827T043457543402Z,P00_chronos_climatology_fusion,16,55.58381989302203,75.32475104655654,0.26207761564765186
20260827T043457543402Z,P00_chronos_climatology_fusion,17,55.9693616715504,76.21281222775809,0.2656174200174004
20260827T043457543402Z,P00_chronos_climatology_fusion,18,56.02782563297072,76.67292463242012,0.2692619213160926
20260827T043457543402Z,P00_chronos_climatology_fusion,19,55.93321326561786,76.87074222671528,0.2723731858780062
20260827T043457543402Z,P00_chronos_climatology_fusion,20,55.639771242213136,76.69896888622593,0.27456950138732217
20260827T043457543402Z,P00_chronos_climatology_fusion,21,55.36536279914362,76.26200644536749,0.2740111966657184
20260827T043457543402Z,P00_chronos_climatology_fusion,22,54.56712359246981,75.21150580613595,0.27448436236443374
20260827T043457543402Z,P00_chronos_climatology_fusion,23,53.786957705680116,73.87431844661157,0.2719126370749321
20260827T043457543402Z,P00_chronos_climatology_fusion,24,53.207402160828536,72.21063570541858,0.26316391427591423
20260827T043457543402Z,P01_chronos_persistence_fusion,1,7.5970472743353294,75.40792956065759,0.899253999962639
20260827T043457543402Z,P01_chronos_persistence_fusion,2,14.827979541868109,74.25889523301069,0.8003204936547919
20260827T043457543402Z,P01_chronos_persistence_fusion,3,22.009106507499155,73.73175068710107,0.7014975732652783
20260827T043457543402Z,P01_chronos_persistence_fusion,4,28.019760385979694,72.76903870519097,0.6149494223842082
20260827T043457543402Z,P01_chronos_persistence_fusion,5,33.615278841023546,71.8311824012206,0.532023868780805
20260827T043457543402Z,P01_chronos_persistence_fusion,6,40.190270531569084,71.74750530496222,0.43983738025816155
20260827T043457543402Z,P01_chronos_persistence_fusion,7,45.21824055482725,72.13315658433255,0.3731282159825967
20260827T043457543402Z,P01_chronos_persistence_fusion,8,48.94271712702099,72.98146214379322,0.32938152115134933
20260827T043457543402Z,P01_chronos_persistence_fusion,9,51.63961857937467,73.44464653052647,0.2968906377960274
20260827T043457543402Z,P01_chronos_persistence_fusion,10,53.49844898577499,73.38466272498346,0.27098596628745286
20260827T043457543402Z,P01_chronos_persistence_fusion,11,54.52372798912541,72.29489376241072,0.24581495107646623
20260827T043457543402Z,P01_chronos_persistence_fusion,12,55.1230139776203,71.78026962888498,0.23205897299334832
20260827T043457543402Z,P01_chronos_persistence_fusion,13,55.1660510446144,71.95015477127568,0.23327404617845127
20260827T043457543402Z,P01_chronos_persistence_fusion,14,56.33145730269263,72.7711440703363,0.22590941749870042
20260827T043457543402Z,P01_chronos_persistence_fusion,15,57.298599342749384,74.14212335220941,0.22717887279064686
20260827T043457543402Z,P01_chronos_persistence_fusion,16,58.15973818697853,75.32475104655654,0.2278801140539941
20260827T043457543402Z,P01_chronos_persistence_fusion,17,58.02354813382073,76.21281222775809,0.23866412434145157
20260827T043457543402Z,P01_chronos_persistence_fusion,18,57.69890937919679,76.67292463242012,0.24746695582811273
20260827T043457543402Z,P01_chronos_persistence_fusion,19,56.693502799021964,76.87074222671528,0.2624826929364683
20260827T043457543402Z,P01_chronos_persistence_fusion,20,55.65865563731221,76.69896888622593,0.27432328692872776
20260827T043457543402Z,P01_chronos_persistence_fusion,21,54.98711300433563,76.26200644536749,0.27897106872309674
20260827T043457543402Z,P01_chronos_persistence_fusion,22,54.15787566475296,75.21150580613595,0.27992565652987333
20260827T043457543402Z,P01_chronos_persistence_fusion,23,53.78198898437429,73.87431844661157,0.2719798961902824
20260827T043457543402Z,P01_chronos_persistence_fusion,24,53.9839103281126,72.21063570541858,0.25241053757872234
20260827T043457543402Z,M12_validation_drift_router,1,8.462547922653728,75.40792956065759,0.8877764185814634
20260827T043457543402Z,M12_validation_drift_router,2,14.95802824702213,74.25889523301069,0.7985692057485289
20260827T043457543402Z,M12_validation_drift_router,3,19.94057323304725,73.73175068710107,0.72955242419687
20260827T043457543402Z,M12_validation_drift_router,4,25.09492820892208,72.76903870519097,0.6551427824876304
20260827T043457543402Z,M12_validation_drift_router,5,29.477139159160895,71.8311824012206,0.5896331067681269
20260827T043457543402Z,M12_validation_drift_router,6,33.057923318677894,71.74750530496222,0.5392463727043129
20260827T043457543402Z,M12_validation_drift_router,7,36.05775922808869,72.13315658433255,0.5001222608921498
20260827T043457543402Z,M12_validation_drift_router,8,37.9593998863433,72.98146214379322,0.47987613879874025
20260827T043457543402Z,M12_validation_drift_router,9,38.247137577861416,73.44464653052647,0.4792385914477183
20260827T043457543402Z,M12_validation_drift_router,10,41.28054719774538,73.38466272498346,0.43747718303961614
20260827T043457543402Z,M12_validation_drift_router,11,43.34081510428548,72.29489376241072,0.4004996362990678
20260827T043457543402Z,M12_validation_drift_router,12,42.97363621142453,71.78026962888498,0.40131687393200355
20260827T043457543402Z,M12_validation_drift_router,13,44.48015679275662,71.95015477127568,0.38179206237768626
20260827T043457543402Z,M12_validation_drift_router,14,47.93156131667605,72.7711440703363,0.34133835699562143
20260827T043457543402Z,M12_validation_drift_router,15,46.29806291793789,74.14212335220941,0.37554981129956777
20260827T043457543402Z,M12_validation_drift_router,16,48.647399042632586,75.32475104655654,0.35416448953724766
20260827T043457543402Z,M12_validation_drift_router,17,50.923934773875324,76.21281222775809,0.3318192402913601
20260827T043457543402Z,M12_validation_drift_router,18,53.216214910407885,76.67292463242012,0.3059321114261224
20260827T043457543402Z,M12_validation_drift_router,19,53.652835102663865,76.87074222671528,0.30203828467760496
20260827T043457543402Z,M12_validation_drift_router,20,53.931005641640226,76.69896888622593,0.2968483615256855
20260827T043457543402Z,M12_validation_drift_router,21,55.36201496861383,76.26200644536749,0.274055095727464
20260827T043457543402Z,M12_validation_drift_router,22,56.86942181503989,75.21150580613595,0.24387337807561438
20260827T043457543402Z,M12_validation_drift_router,23,57.29380658396468,73.87431844661157,0.2244421635460434
20260827T043457543402Z,M12_validation_drift_router,24,55.72145668580072,72.21063570541858,0.22834834312891306
