run_id,query_window_id,query_origin,query_input_start,method,rank,candidate_window_id,candidate_input_start,candidate_origin,candidate_target_end,kb_stride_hours,eligible_candidate_count,query_has_event_context,candidate_has_event_context,event_conditioning_applied,event_weight,total_score,time_series_score,weather_score,calendar_score,event_score_raw,event_score,aligned_future
20260827T043457543402Z,w_0058702,2025-09-11 22:00:00+00:00,2025-09-04 23:00:00+00:00,calendar,8,w_0004760,2019-07-11 09:00:00+00:00,2019-07-18 08:00:00+00:00,2019-07-19 08:00:00+00:00,24,1824,False,False,False,0.0,0.64278244972229,0.4106476902961731,0.0,0.64278244972229,0.0,0.0,"[3.0690908432006836, 4.076067924499512, 3.656494140625, 3.0690908432006836, 5.502619743347168, 3.9921538829803467, 5.670449733734131, 3.2369203567504883, 1.4327526092529297, 3.9921538829803467, 11.964059829711914, 6.761341571807861, 6.2578535079956055, 5.58653450012207, 9.278785705566406, 3.908238649368286, 3.572580099105835, 1.8942837715148926, -1.294478416442871, -2.3014564514160156, -2.721029281616211, 0.8033914566040039, -1.5462236404418945, 0.2159876823425293]"
20260827T043457543402Z,w_0058783,2025-09-15 07:00:00+00:00,2025-09-08 08:00:00+00:00,calendar,5,w_0007376,2019-10-28 09:00:00+00:00,2019-11-04 08:00:00+00:00,2019-11-05 08:00:00+00:00,24,1824,False,False,False,0.0,0.9474873542785645,0.7535918354988098,0.0,0.9474873542785645,0.0,0.0,"[6.390893936157227, 5.53761100769043, 4.881239891052246, 4.651509761810303, 5.53761100769043, 9.869662284851074, 12.19978141784668, 14.136075973510742, 16.170827865600586, 19.41986656188965, 13.578161239624023, 11.379316329956055, 8.42564582824707, 7.080083847045898, 3.634134292602539, 6.686261177062988, 5.406336784362793, 5.012514114379883, 3.437222719192505, 4.421779632568359, 6.358075141906738, 6.1939826011657715, 4.815602779388428, 5.89861536026001]"
20260827T043457543402Z,w_0058885,2025-09-19 13:00:00+00:00,2025-09-12 14:00:00+00:00,calendar,2,w_0048800,2024-07-19 09:00:00+00:00,2024-07-26 08:00:00+00:00,2024-07-27 08:00:00+00:00,24,1824,False,False,False,0.0,0.6733905076980591,0.3970249891281128,0.0,0.6733905076980591,0.0,0.0,"[8.460474014282227, 9.435300827026367, 6.835762023925781, 9.76024341583252, 7.052390098571777, 9.218672752380371, 12.359781265258789, 11.493268013000488, 10.951698303222656, 19.887611389160156, 12.955509185791016, 12.034838676452637, 11.709897994995117, 9.86855697631836, 11.601582527160645, 12.143153190612793, 10.518442153930664, 7.377333164215088, 9.002044677734375, 10.843384742736816, 9.76024341583252, 7.377333164215088, 9.435300827026367, 7.377333164215088]"
20260827T043457543402Z,w_0059758,2025-10-25 22:00:00+00:00,2025-10-18 23:00:00+00:00,calendar,3,w_0048632,2024-07-12 09:00:00+00:00,2024-07-19 08:00:00+00:00,2024-07-20 08:00:00+00:00,24,1824,False,False,False,0.0,0.636491060256958,0.49668991565704346,0.0,0.636491060256958,0.0,0.0,"[10.338315963745117, 10.338315963745117, 8.433233261108398, 7.290184020996094, 14.148481369018555, 16.434579849243164, 27.293550491333008, 20.2447452545166, 26.34101104736328, 37.962013244628906, 28.627111434936523, 40.914894104003906, 20.625762939453125, 26.34101104736328, 13.195940017700195, 12.814924240112305, 14.148481369018555, 9.004758834838867, 11.481366157531738, 23.10236930847168, 21.006778717041016, 9.957300186157227, 13.195940017700195, 8.62374210357666]"
20260827T043457543402Z,w_0060523,2025-11-26 19:00:00+00:00,2025-11-19 20:00:00+00:00,calendar,8,w_0021704,2021-06-16 09:00:00+00:00,2021-06-23 08:00:00+00:00,2021-06-24 08:00:00+00:00,24,1824,False,False,False,0.0,0.6498281955718994,0.5389871001243591,0.0,0.6498281955718994,0.0,0.0,"[-1.9069700241088867, -1.7539453506469727, -0.07067394256591797, -0.6827726364135742, 0.3884010314941406, -0.07067394256591797, -0.9888219833374023, 0.3884010314941406, 4.673094749450684, 4.826118469238281, 7.580564975738525, 8.192663192749023, 5.897292137145996, 6.050317287445068, 2.9898219108581543, 4.214020252227783, 3.83145809173584, 3.1428465843200684, -2.8251190185546875, -2.136507987976074, -3.1311683654785156, 0.5414257049560547, 0.0823507308959961, -0.22369766235351562]"
20260827T043457543402Z,w_0058769,2025-09-14 17:00:00+00:00,2025-09-07 18:00:00+00:00,cosine,1,w_0041432,2023-09-16 09:00:00+00:00,2023-09-23 08:00:00+00:00,2023-09-24 08:00:00+00:00,24,1824,False,False,False,0.0,0.8472575545310974,0.8472575545310974,0.0,0.0,0.0,0.0,"[10.638776779174805, 9.457439422607422, 10.272154808044434, 10.964662551879883, 10.679512023925781, 10.679512023925781, 11.779377937316895, 12.471885681152344, 11.779377937316895, 11.086870193481445, 10.720248222351074, 11.514595031738281, 10.760984420776367, 10.068475723266602, 10.149948120117188, 10.760984420776367, 9.74259090423584, 10.964662551879883, 10.272154808044434, 9.946269035339355, 11.249813079833984, 9.946269035339355, 10.353626251220703, 11.860848426818848]"
20260827T043457543402Z,w_0058827,2025-09-17 03:00:00+00:00,2025-09-10 04:00:00+00:00,cosine,3,w_0015464,2020-09-29 09:00:00+00:00,2020-10-06 08:00:00+00:00,2020-10-07 08:00:00+00:00,24,1824,False,False,False,0.0,0.8878922462463379,0.8878922462463379,0.0,0.0,0.0,0.0,"[7.913725852966309, 11.334589958190918, 11.159161567687988, 10.150444984436035, 11.4223051071167, 14.009881973266602, 14.974740028381348, 12.474879264831543, 14.667741775512695, 18.483318328857422, 19.097320556640625, 15.325599670410156, 17.43074607849121, 14.141453742980957, 9.361014366149902, 8.747013092041016, 7.475153923034668, 7.036581516265869, 9.097871780395508, 7.8260111808776855, 8.615442276000977, 7.913725852966309, 5.545435905456543, 9.492587089538574]"
20260827T043457543402Z,w_0058877,2025-09-19 05:00:00+00:00,2025-09-12 06:00:00+00:00,cosine,4,w_0002096,2019-03-22 09:00:00+00:00,2019-03-29 08:00:00+00:00,2019-03-30 08:00:00+00:00,24,1824,False,False,False,0.0,0.8458322286605835,0.8458322286605835,0.0,0.0,0.0,0.0,"[8.898370742797852, 8.092376708984375, 8.092376708984375, 7.528182029724121, 10.91335391998291, 11.074552536010742, 10.91335391998291, 7.447582244873047, 6.480390548706055, 15.749313354492188, 11.799946784973145, 11.638747215270996, 10.429757118225098, 9.946162223815918, 8.495373725891113, 8.898370742797852, 9.704363822937012, 9.704363822937012, 10.671555519104004, 11.477548599243164, 13.814929962158203, 12.364141464233398, 12.605939865112305, 10.671555519104004]"
20260827T043457543402Z,w_0059743,2025-10-25 07:00:00+00:00,2025-10-18 08:00:00+00:00,cosine,1,w_0028904,2022-04-12 09:00:00+00:00,2022-04-19 08:00:00+00:00,2022-04-20 08:00:00+00:00,24,1824,False,False,False,0.0,0.8207727074623108,0.8207727074623108,0.0,0.0,0.0,0.0,"[13.361618995666504, 13.890523910522461, 13.009016036987305, 13.890523910522461, 13.361618995666504, 16.887649536132812, 21.29518699645996, 17.76915740966797, 16.535045623779297, 13.361618995666504, 11.246001243591309, 9.835588455200195, 7.191065788269043, 7.719969749450684, 10.011889457702637, 5.956954479217529, 9.659286499023438, 9.659286499023438, 10.364493370056152, 11.246001243591309, 6.485859394073486, 10.540793418884277, 6.485859394073486, 4.193939685821533]"
20260827T043457543402Z,w_0060626,2025-12-01 02:00:00+00:00,2025-11-24 03:00:00+00:00,cosine,5,w_0038264,2023-05-07 09:00:00+00:00,2023-05-14 08:00:00+00:00,2023-05-15 08:00:00+00:00,24,1824,False,False,False,0.0,0.7968276739120483,0.7968276739120483,0.0,0.0,0.0,0.0,"[12.251049041748047, 12.659760475158691, 8.776998519897461, 6.529083251953125, 14.703319549560547, 16.74687957763672, 10.616201400756836, 18.790437698364258, 10.820556640625, 10.207489967346191, 10.207489967346191, 14.703319549560547, 12.659760475158691, 10.616201400756836, 10.616201400756836, 14.703319549560547, 16.74687957763672, 24.92111587524414, 18.790437698364258, 14.703319549560547, 16.74687957763672, 14.703319549560547, 20.83399772644043, 18.790437698364258]"
20260827T043457543402Z,w_0058556,2025-09-05 20:00:00+00:00,2025-08-29 21:00:00+00:00,event_conditioned,5,w_0008768,2019-12-25 09:00:00+00:00,2020-01-01 08:00:00+00:00,2020-01-02 08:00:00+00:00,24,1824,False,True,False,0.0,0.6333920359611511,0.7427788972854614,0.4738253653049469,0.4055912494659424,0.0,0.0,"[33.01898193359375, 28.54869270324707, 18.63116455078125, 21.59162139892578, 19.460092544555664, 19.04562759399414, 19.28246307373047, 11.526068687438965, 10.489908218383789, 11.585277557373047, 9.039284706115723, 7.440638542175293, 8.032730102539062, 8.328775405883789, 8.328775405883789, 8.920866966247559, 9.394539833068848, 9.068889617919922, 10.282676696777344, 11.348441123962402, 12.32539176940918, 9.039284706115723, 9.33533000946045, 9.9866304397583]"
20260827T043457543402Z,w_0058589,2025-09-07 05:00:00+00:00,2025-08-31 06:00:00+00:00,event_conditioned,5,w_0040016,2023-07-19 09:00:00+00:00,2023-07-26 08:00:00+00:00,2023-07-27 08:00:00+00:00,24,1824,False,False,False,0.0,0.65408855676651,0.7114287614822388,0.5990923643112183,0.477379709482193,1.0,1.0,"[2.8203015327453613, 7.15336275100708, 7.8587446212768555, 4.432603359222412, 4.432603359222412, 9.370277404785156, 5.087601184844971, 3.9791436195373535, 4.33183479309082, 9.168740272521973, 11.88949966430664, 7.657207012176514, 10.377965927124023, 12.796419143676758, 9.87412166595459, 8.866433143615723, 9.168740272521973, 6.447980880737305, 9.672584533691406, 7.15336275100708, 11.788729667663574, 8.362588882446289, 9.370277404785156, 5.137985706329346]"
20260827T043457543402Z,w_0058749,2025-09-13 21:00:00+00:00,2025-09-06 22:00:00+00:00,event_conditioned,5,w_0046424,2024-04-11 09:00:00+00:00,2024-04-18 08:00:00+00:00,2024-04-19 08:00:00+00:00,24,1824,False,False,False,0.0,0.6896610260009766,0.77150559425354,0.513917088508606,0.6319261193275452,1.0,1.0,"[7.16642951965332, 6.352437496185303, 7.980422019958496, 9.309942245483398, 12.077516555786133, 10.612329483032227, 11.643386840820312, 11.887584686279297, 9.716938018798828, 11.860452651977539, 10.422399520874023, 8.550216674804688, 6.488102912902832, 6.67803430557251, 5.674110412597656, 5.728376865386963, 5.592711448669434, 4.99578332901001, 5.945441246032715, 5.592711448669434, 5.565577983856201, 4.941517353057861, 5.592711448669434, 5.457046031951904]"
20260827T043457543402Z,w_0059000,2025-09-24 08:00:00+00:00,2025-09-17 09:00:00+00:00,event_conditioned,6,w_0032864,2022-09-24 09:00:00+00:00,2022-10-01 08:00:00+00:00,2022-10-02 08:00:00+00:00,24,1824,False,False,False,0.0,0.71266770362854,0.6438599824905396,0.9845892190933228,0.5128634572029114,1.0,1.0,"[6.80444860458374, 9.98601245880127, 9.98601245880127, 8.395230293273926, 9.190621376037598, 6.645370960235596, 6.80444860458374, 4.418275833129883, 5.213666915893555, 5.213666915893555, 4.418275833129883, 5.213666915893555, 6.009057998657227, 6.80444860458374, 7.440761566162109, 7.599839687347412, 6.80444860458374, 6.645370960235596, 7.599839687347412, 9.190621376037598, 7.281683444976807, 7.440761566162109, 10.224629402160645, 7.838457107543945]"
20260827T043457543402Z,w_0061020,2025-12-17 12:00:00+00:00,2025-12-10 13:00:00+00:00,event_conditioned,3,w_0046520,2024-04-15 09:00:00+00:00,2024-04-22 08:00:00+00:00,2024-04-23 08:00:00+00:00,24,1824,False,False,False,0.0,0.7184529304504395,0.7658083438873291,0.6276730895042419,0.6632354259490967,1.0,1.0,"[31.726608276367188, 39.61945343017578, 47.512298583984375, 51.74748229980469, 58.67778778076172, 63.49049377441406, 52.132503509521484, 19.21356201171875, 17.095970153808594, 13.630817413330078, 23.256240844726562, 24.411287307739258, 11.128207206726074, 7.855565071105957, 10.165665626525879, 16.32593536376953, 4.967939376831055, 5.352956771850586, 18.636035919189453, 22.10118865966797, 13.053292274475098, 10.743191719055176, 4.390413284301758, 17.480987548828125]"
20260827T043457543402Z,w_0058913,2025-09-20 17:00:00+00:00,2025-09-13 18:00:00+00:00,hybrid_no_event,8,w_0030080,2022-05-31 09:00:00+00:00,2022-06-07 08:00:00+00:00,2022-06-08 08:00:00+00:00,24,1824,False,False,False,0.0,0.6915900707244873,0.7559841275215149,0.5535317063331604,0.6457365155220032,1.0,0.0,"[5.625977516174316, 7.640326499938965, 4.61880350112915, 6.633152008056641, 6.633152008056641, 7.640326499938965, 7.640326499938965, 5.625977516174316, 7.640326499938965, 7.640326499938965, 6.633152008056641, 7.640326499938965, 9.654675483703613, 9.654675483703613, 11.266154289245605, 10.964001655578613, 10.964001655578613, 8.949653625488281, 7.942479133605957, 5.7266950607299805, 6.935304641723633, 7.136739253997803, 6.633152008056641, 6.633152008056641]"
20260827T043457543402Z,w_0059113,2025-09-29 01:00:00+00:00,2025-09-22 02:00:00+00:00,hybrid_no_event,2,w_0041000,2023-08-29 09:00:00+00:00,2023-09-05 08:00:00+00:00,2023-09-06 08:00:00+00:00,24,1824,False,False,False,0.0,0.6963039636611938,0.7932552099227905,0.492890328168869,0.6183752417564392,1.0,0.0,"[4.9935994148254395, 4.9935994148254395, 5.094903945922852, 4.9935994148254395, 4.588381767272949, 5.601425647735596, 5.500121116638184, 6.259904384613037, 6.7664265632629395, 5.652078151702881, 7.146317958831787, 6.006643295288086, 5.652078151702881, 5.500121116638184, 4.9935994148254395, 5.500121116638184, 7.019687652587891, 6.7664265632629395, 6.006643295288086, 6.20925235748291, 5.3481645584106445, 6.057295799255371, 5.145556449890137, 6.817079067230225]"
20260827T043457543402Z,w_0059808,2025-10-28 00:00:00+00:00,2025-10-21 01:00:00+00:00,hybrid_no_event,6,w_0015488,2020-09-30 09:00:00+00:00,2020-10-07 08:00:00+00:00,2020-10-08 08:00:00+00:00,24,1824,False,False,False,0.0,0.6962130665779114,0.7700502872467041,0.5471459031105042,0.6251617074012756,1.0,0.0,"[12.98361873626709, 9.561416625976562, 11.524974822998047, 10.40294075012207, 11.244466781616211, 12.029890060424805, 13.264126777648926, 17.19124412536621, 17.303447723388672, 15.844803810119629, 16.377769470214844, 11.805482864379883, 12.647007942199707, 11.637178421020508, 9.898026466369629, 11.244466781616211, 12.647007942199707, 12.815313339233398, 11.13226318359375, 13.544634819030762, 12.815313339233398, 9.898026466369629, 10.178534507751465, 10.739551544189453]"
20260827T043457543402Z,w_0060235,2025-11-14 19:00:00+00:00,2025-11-07 20:00:00+00:00,hybrid_no_event,3,w_0029744,2022-05-17 09:00:00+00:00,2022-05-24 08:00:00+00:00,2022-05-25 08:00:00+00:00,24,1824,False,False,False,0.0,0.6925609111785889,0.7170220613479614,0.6566053032875061,0.6421663761138916,1.0,0.0,"[12.675236701965332, 10.901534080505371, 17.996341705322266, 17.996341705322266, 14.448938369750977, 21.543746948242188, 29.170665740966797, 36.62021255493164, 15.33578872680664, 13.20734691619873, 12.852606773376465, 12.320496559143066, 15.33578872680664, 20.124784469604492, 21.366374969482422, 17.464231491088867, 11.433645248413086, 18.883193969726562, 17.996341705322266, 17.996341705322266, 22.075857162475586, 19.237934112548828, 11.07890510559082, 16.754751205444336]"
20260827T043457543402Z,w_0060271,2025-11-16 07:00:00+00:00,2025-11-09 08:00:00+00:00,hybrid_no_event,3,w_0039680,2023-07-05 09:00:00+00:00,2023-07-12 08:00:00+00:00,2023-07-13 08:00:00+00:00,24,1824,False,False,False,0.0,0.7327232956886292,0.743939995765686,0.9572777152061462,0.22753101587295532,1.0,0.0,"[9.958721160888672, 11.027527809143066, 10.569467544555664, 12.859768867492676, 10.314990043640137, 10.823945045471191, 11.129319190979004, 11.332901000976562, 11.332901000976562, 10.823945045471191, 10.314990043640137, 2.8842358589172363, 7.617524147033691, 8.380958557128906, 5.021849632263184, 3.29140043258667, 2.9860267639160156, 4.716475963592529, 5.937970161437988, 6.141552448272705, 4.665580749511719, 2.3752803802490234, 6.141552448272705, 4.818267345428467]"
20260827T043457543402Z,w_0058297,2025-08-26 01:00:00+00:00,2025-08-19 02:00:00+00:00,random,7,w_0018584,2021-02-06 09:00:00+00:00,2021-02-13 08:00:00+00:00,2021-02-14 08:00:00+00:00,24,1824,False,False,False,0.0,0.0,0.3826029896736145,0.0,0.0,0.0,0.0,"[9.14106559753418, 8.486459732055664, 6.212563991546631, 7.487323760986328, 7.211700439453125, 7.177247047424316, 6.832717418670654, 8.383100509643555, 7.935212135314941, 9.037707328796387, 8.520912170410156, 7.5906829833984375, 8.176383018493652, 8.624271392822266, 7.79740047454834, 6.98775577545166, 6.488187789916992, 7.5217766761779785, 7.177247047424316, 9.14106559753418, 9.485595703125, 8.658724784851074, 7.62513542175293, 6.281469821929932]"
20260827T043457543402Z,w_0059975,2025-11-03 23:00:00+00:00,2025-10-28 00:00:00+00:00,random,5,w_0035744,2023-01-22 09:00:00+00:00,2023-01-29 08:00:00+00:00,2023-01-30 08:00:00+00:00,24,1824,False,True,False,0.0,0.0,0.4876142740249634,0.0,0.0,0.0,0.0,"[15.446884155273438, 12.659624099731445, 9.872363090515137, 6.34183406829834, 6.1560163497924805, 4.297842979431152, 7.270920276641846, 7.828372955322266, 1.8822174072265625, 2.439669609069824, 5.041112899780273, 7.270920276641846, 4.297842979431152, 4.297842979431152, 6.1560163497924805, 4.669476509094238, 2.439669609069824, 5.505655288696289, 6.713468551635742, 7.270920276641846, 4.855295181274414, 8.57164192199707, 5.226929664611816, 4.762386322021484]"
20260827T043457543402Z,w_0059987,2025-11-04 11:00:00+00:00,2025-10-28 12:00:00+00:00,random,4,w_0020552,2021-04-29 09:00:00+00:00,2021-05-06 08:00:00+00:00,2021-05-07 08:00:00+00:00,24,1824,False,False,False,0.0,0.0,0.5535624623298645,0.0,0.0,0.0,0.0,"[12.935981750488281, 17.727088928222656, 22.039085388183594, 20.84130859375, 19.403976440429688, 25.871971130371094, 10.540428161621094, 12.456871032714844, 24.913745880126953, 22.51819610595703, 10.300870895385742, 9.103095054626465, 9.821762084960938, 13.175535202026367, 17.0084228515625, 12.217314720153809, 14.612868309020996, 15.091979026794434, 15.091979026794434, 13.415091514587402, 10.540428161621094, 9.821762084960938, 13.175535202026367, 14.373311996459961]"
20260827T043457543402Z,w_0060604,2025-11-30 04:00:00+00:00,2025-11-23 05:00:00+00:00,random,7,w_0044936,2024-02-09 09:00:00+00:00,2024-02-16 08:00:00+00:00,2024-02-17 08:00:00+00:00,24,1824,False,False,False,0.0,0.0,0.6092007756233215,0.0,0.0,0.0,0.0,"[15.472745895385742, 10.030720710754395, 15.40717887878418, 20.78363800048828, 19.34117317199707, 16.259544372558594, 14.948213577270508, 14.095847129821777, 18.488807678222656, 16.980777740478516, 16.12841033935547, 13.177915573120117, 19.537872314453125, 13.505748748779297, 15.472745895385742, 14.68594741821289, 16.259544372558594, 11.66988468170166, 9.506187438964844, 13.112348556518555, 19.66900634765625, 17.046342849731445, 18.68550682067871, 25.3077335357666]"
20260827T043457543402Z,w_0060635,2025-12-01 11:00:00+00:00,2025-11-24 12:00:00+00:00,random,1,w_0044048,2024-01-03 09:00:00+00:00,2024-01-10 08:00:00+00:00,2024-01-11 08:00:00+00:00,24,1824,False,False,False,0.0,0.0,0.4672083854675293,0.0,0.0,0.0,0.0,"[21.341196060180664, 17.248857498168945, 16.945720672607422, 17.47620964050293, 20.052865982055664, 21.568546295166016, 26.115589141845703, 25.88823699951172, 20.128650665283203, 16.64258575439453, 17.85512924194336, 13.308087348937988, 16.718368530273438, 18.537185668945312, 11.565054893493652, 9.822021484375, 12.095542907714844, 13.611223220825195, 18.385618209838867, 26.873432159423828, 20.65913963317871, 26.418725967407227, 27.17656707763672, 27.782838821411133]"
